Mfg_Part_Num,Part_Desc,E1_Brand,Unilog_Brand,DIB_Brand,Part_Manuf
AU-1374,BATTERY GROUP 24F 12V,-- Unbranded --,-- No Unilog Brand --,,3M Co.
LI-1839,LED BULB 9W DIMMABLE,-- Unbranded --,-- No Unilog Brand --,,Signify
HV-1515,AIR FILTER 16X20X1 MERV 11,-- Unbranded --,-- No Unilog Brand --,,3-M Company
LA-1195,STRING TRIMMER 56V CORDLESS,-- Unbranded --,-- No Unilog Brand --,,EGO Power+
FA-1685,WOOD SCREW 2IN PHILLIPS,-- Unbranded --,-- No Unilog Brand --,,Simpson Strong-Tie
HV-1216,THERMOSTAT WIFI 2STAGE,-- Unbranded --,-- No Unilog Brand --,,3M CO
AU-1543,MOTOR OIL 10W-30 SYNTHETIC QT,-- Unbranded --,-- No Unilog Brand --,,3-M Company
HA-1565,DRAWER SLIDE 22IN FULL EXTENSION,-- Unbranded --,-- No Unilog Brand --,,Rubbermaid Commercial
FA-1087,WOOD SCREW 3IN PHILLIPS,-- Unbranded --,-- No Unilog Brand --,,Simpson Strong-Tie
EL-1795,ROMEX WIRE 12/2 500FT SPOOL,-- Unbranded --,-- No Unilog Brand --,,Southwire Company
AU-1088,MOTOR OIL 5W-30 SYNTHETIC QT,-- Unbranded --,-- No Unilog Brand --,,INTERSTATE BATTERY SYSTEM
TO-1120,IMPACT WRENCH 3/4IN DRIVE,-- Unbranded --,-- No Unilog Brand --,,MAKITA U.S.A. INC.
LI-1254,SHOP LIGHT LED 8FT LINKABLE,-- Unbranded --,-- No Unilog Brand --,,Signify
FA-1763,HEX BOLT GR8 ZN 3/8-16 X 1IN,-- Unbranded --,-- No Unilog Brand --,,Simpson
AU-1478,BATTERY GROUP 65 12V,-- Unbranded --,-- No Unilog Brand --,,3M Company
LI-1176,LED BULB 15W DIMMABLE,-- Unbranded --,-- No Unilog Brand --,,Philips Lighting
LA-1416,CORDLESS MOWER 56IN 56V,-- Unbranded --,-- No Unilog Brand --,,EGO POWER PLUS
AB-1187,SANDING DISC 80GRIT 5IN,-- Unbranded --,-- No Unilog Brand --,,NORTON ABRASIVES INC
SA-1160,NITRILE GLOVE PF LG 100CT,-- Unbranded --,-- No Unilog Brand --,,Honeywell Inc
EL-1522,ROMEX WIRE 12/2 250FT SPOOL,-- Unbranded --,-- No Unilog Brand --,,Leviton Mfg
SA-1615,SAFETY GLASSES CLEAR LENS ANTI-FOG,-- Unbranded --,-- No Unilog Brand --,,ANSELL LTD.
HA-1396,CABINET HINGE 165DEG SOFT CLOSE,-- Unbranded --,-- No Unilog Brand --,,Rubbermaid
FA-1269,WOOD SCREW 3IN PHILLIPS,-- Unbranded --,-- No Unilog Brand --,,Simpson
FA-1620,HEX BOLT GR8 ZN 1/2-16 X 1IN,-- Unbranded --,-- No Unilog Brand --,,Simpson Strong Tie Co
FA-1542,HEX BOLT GR8 ZN 3/8-16 X 1IN,-- Unbranded --,-- No Unilog Brand --,,SIMPSON STRONG TIE CO.
LI-1488,LED BULB 9W DIMMABLE,-- Unbranded --,-- No Unilog Brand --,,Signify
HA-1032,DRAWER SLIDE 22IN FULL EXTENSION,-- Unbranded --,-- No Unilog Brand --,,Simpson
AD-1311,EPOXY 8OZ TUBE 5MIN,-- Unbranded --,-- No Unilog Brand --,,3M Company
JA-1167,TRASH CAN 44GAL COMMERCIAL,-- Unbranded --,-- No Unilog Brand --,,Rubbermaid Commercial
AB-1668,SANDING DISC 220GRIT 5IN,-- Unbranded --,-- No Unilog Brand --,,Norton
EL-1470,ROMEX WIRE 12/2 500FT SPOOL,-- Unbranded --,-- No Unilog Brand --,,Southwire
SA-1472,NITRILE GLOVE PF MED 100CT,-- Unbranded --,-- No Unilog Brand --,,Ansell Limited
AU-1764,BATTERY GROUP 65 12V,-- Unbranded --,-- No Unilog Brand --,,Interstate Batteries
HA-1097,DRAWER SLIDE 24IN FULL EXTENSION,-- Unbranded --,-- No Unilog Brand --,,Rubbermaid
PL-1677,PVC BALL VALVE 3/4IN THREADED,-- Unbranded --,-- No Unilog Brand --,,Grundfos Pumps Corp
AB-1031,CUT-OFF WHEEL 4-1/2IN METAL,-- Unbranded --,-- No Unilog Brand --,,3M CO
AB-1447,CUT-OFF WHEEL 6IN METAL,-- Unbranded --,-- No Unilog Brand --,,Norton Abrasives
FA-1750,WOOD SCREW 1-1/4IN PHILLIPS,-- Unbranded --,-- No Unilog Brand --,,Simpson Strong-Tie
TO-1497,IMPACT WRENCH 1/2IN DRIVE,-- Unbranded --,-- No Unilog Brand --,,Milwaukee Electric Tool Corp
HA-1253,CABINET HINGE 110DEG SOFT CLOSE,-- Unbranded --,-- No Unilog Brand --,,Simpson
FA-1126,HEX BOLT GR8 ZN 3/8-16 X 1IN,-- Unbranded --,-- No Unilog Brand --,,Simpson Strong-Tie
HV-1814,AIR FILTER 16X25X1 MERV 11,-- Unbranded --,-- No Unilog Brand --,,Honeywell Intl
HA-1240,DRAWER SLIDE 22IN FULL EXTENSION,-- Unbranded --,-- No Unilog Brand --,,Simpson Strong-Tie
HA-1708,CABINET HINGE 110DEG SOFT CLOSE,-- Unbranded --,-- No Unilog Brand --,,Rubbermaid
FA-1256,WOOD SCREW 2IN PHILLIPS,-- Unbranded --,-- No Unilog Brand --,,Simpson Strong Tie Co
FA-1581,WOOD SCREW 3IN PHILLIPS,-- Unbranded --,-- No Unilog Brand --,,Simpson Strong Tie Co
AB-1733,SANDING DISC 220GRIT 5IN,-- Unbranded --,-- No Unilog Brand --,,Norton Abrasives
HV-1853,THERMOSTAT WIFI 1STAGE,-- Unbranded --,-- No Unilog Brand --,,Honeywell International
FA-1308,HEX BOLT GR8 ZN 3/8-16 X 1IN,-- Unbranded --,-- No Unilog Brand --,,Simpson Strong Tie Co
HA-1305,DRAWER SLIDE 22IN FULL EXTENSION,-- Unbranded --,-- No Unilog Brand --,,Simpson
AB-1356,CUT-OFF WHEEL 4-1/2IN METAL,-- Unbranded --,-- No Unilog Brand --,,3M Company
SA-1550,HARD HAT TYPE 1 CLASS E,-- Unbranded --,-- No Unilog Brand --,,Honeywell Inc
HA-1578,DRAWER SLIDE 22IN FULL EXTENSION,-- Unbranded --,-- No Unilog Brand --,,Rubbermaid Commercial
JA-1674,PAPER TOWEL ROLL 12CT CASE,-- Unbranded --,-- No Unilog Brand --,,Rubbermaid Commercial
HV-1593,THERMOSTAT WIFI 2STAGE,-- Unbranded --,-- No Unilog Brand --,,3M
SA-1147,HARD HAT TYPE 1 CLASS E,-- Unbranded --,-- No Unilog Brand --,,Ansell
AU-1296,MOTOR OIL 10W-30 SYNTHETIC QT,-- Unbranded --,-- No Unilog Brand --,,Interstate
AB-1226,SANDING DISC 120GRIT 5IN,-- Unbranded --,-- No Unilog Brand --,,Norton Abrasives
AD-1454,EPOXY 3OZ TUBE 5MIN,-- Unbranded --,-- No Unilog Brand --,,3M CO
EL-1457,ROMEX WIRE 12/2 250FT SPOOL,-- Unbranded --,-- No Unilog Brand --,,LEVITON MFG CO.
FA-1477,WOOD SCREW 2IN PHILLIPS,-- Unbranded --,-- No Unilog Brand --,,SIMPSON STRONG TIE CO.
FA-1555,HEX BOLT GR8 ZN 3/8-16 X 1IN,-- Unbranded --,-- No Unilog Brand --,,Simpson Strong-Tie
TO-1484,CORDLESS DRILL DRIVER 18V KIT,-- Unbranded --,-- No Unilog Brand --,,DeWALT Industrial Tool Co
TO-1224,CORDLESS DRILL DRIVER 18V KIT,-- Unbranded --,-- No Unilog Brand --,,DeWALT Industrial Tool Co
AD-1480,CONSTRUCTION ADHESIVE 10OZ TUBE,-- Unbranded --,-- No Unilog Brand --,,3M Company
SA-1836,HARD HAT TYPE 2 CLASS E,-- Unbranded --,-- No Unilog Brand --,,ANSELL LTD.
PL-1742,BRASS COMPRESSION FITTING 1/4IN,-- Unbranded --,-- No Unilog Brand --,,Eaton Corporation
SA-1069,NITRILE GLOVE PF LG 100CT,-- Unbranded --,-- No Unilog Brand --,,Honeywell International
AD-1090,EPOXY 8OZ TUBE 5MIN,-- Unbranded --,-- No Unilog Brand --,,Henkel Corporation
DD-1891,  trash can 44gal commercial ,-- Unbranded --,-- No Unilog Brand --,,Rubbermaid
AU-1491,MOTOR OIL 10W-30 SYNTHETIC QT,-- Unbranded --,-- No Unilog Brand --,,3M CO
JA-1336,TRASH CAN 44GAL COMMERCIAL,-- Unbranded --,-- No Unilog Brand --,,RUBBERMAID COMM PRODUCTS
JA-1349,TRASH CAN 44GAL COMMERCIAL,-- Unbranded --,-- No Unilog Brand --,,Georgia-Pacific
UNI-0003,50MM/2IN PIPE CLAMP NON-STANDARD SIZE,,,,Pipe Fittings Ltd
HA-1747,CABINET HINGE 110DEG SOFT CLOSE,-- Unbranded --,-- No Unilog Brand --,,RUBBERMAID COMM PRODUCTS
JA-1284,PAPER TOWEL ROLL 12CT CASE,-- Unbranded --,-- No Unilog Brand --,,GP
JA-1154,TRASH CAN 32GAL COMMERCIAL,-- Unbranded --,-- No Unilog Brand --,,Rubbermaid
JA-1180,TRASH CAN 32GAL COMMERCIAL,-- Unbranded --,-- No Unilog Brand --,,Georgia Pacific
FA-1399,WOOD SCREW 2IN PHILLIPS,-- Unbranded --,-- No Unilog Brand --,,SIMPSON STRONG TIE CO.
EL-1496,DECORA ROCKER SWITCH 15A WHITE,-- Unbranded --,-- No Unilog Brand --,,BELDEN INC.
PL-1066,PVC BALL VALVE 3/4IN THREADED,-- Unbranded --,-- No Unilog Brand --,,Grundfos
JA-1128,PAPER TOWEL ROLL 12CT CASE,-- Unbranded --,-- No Unilog Brand --,,Rubbermaid Commercial
LA-1702,CORDLESS MOWER 56IN 56V,-- Unbranded --,-- No Unilog Brand --,,EGO POWER PLUS
SA-1641,SAFETY GLASSES CLEAR LENS ANTI-FOG,-- Unbranded --,-- No Unilog Brand --,,Honeywell International
FA-1698,WOOD SCREW 1-1/4IN PHILLIPS,-- Unbranded --,-- No Unilog Brand --,,SIMPSON STRONG TIE CO.
JA-1856,PAPER TOWEL ROLL 6CT CASE,-- Unbranded --,-- No Unilog Brand --,,Rubbermaid
EL-1249,ROMEX WIRE 12/2 100FT SPOOL,-- Unbranded --,-- No Unilog Brand --,,Belden
PL-1625,COPPER PIPE ELBOW 90DEG 1IN,-- Unbranded --,-- No Unilog Brand --,,Eaton
LA-1078,CORDLESS MOWER 56IN 56V,-- Unbranded --,-- No Unilog Brand --,,EGO Power+
FA-1815,WOOD SCREW 1-1/4IN PHILLIPS,-- Unbranded --,-- No Unilog Brand --,,Simpson
JA-1063,PAPER TOWEL ROLL 6CT CASE,-- Unbranded --,-- No Unilog Brand --,,RUBBERMAID COMM PRODUCTS
FA-1191,HEX BOLT GR8 ZN 1/2-16 X 1IN,-- Unbranded --,-- No Unilog Brand --,,SIMPSON STRONG TIE CO.
AU-1439,MOTOR OIL 10W-30 SYNTHETIC QT,-- Unbranded --,-- No Unilog Brand --,,3M Company
LA-1650,STRING TRIMMER 40V CORDLESS,-- Unbranded --,-- No Unilog Brand --,,EGO POWER PLUS
PL-1482,BRASS COMPRESSION FITTING 1/2IN,-- Unbranded --,-- No Unilog Brand --,,Eaton Corporation
TO-1029,IMPACT WRENCH 3/4IN DRIVE,-- Unbranded --,-- No Unilog Brand --,,Makita
UNI-0002,"1-1/16"" X 12MM ADAPTER (METRIC/IMPERIAL MIXED)",,,,Pipe Fittings Ltd
LI-1644,SHOP LIGHT LED 8FT LINKABLE,-- Unbranded --,-- No Unilog Brand --,,Philips Lighting
HV-1840,AIR FILTER 20X20X1 MERV 11,-- Unbranded --,-- No Unilog Brand --,,3M Co.
EL-1327,DECORA ROCKER SWITCH 20A WHITE,-- Unbranded --,-- No Unilog Brand --,,Leviton Manufacturing
PL-1105,PVC BALL VALVE 3/4IN THREADED,-- Unbranded --,-- No Unilog Brand --,,EATON CORP.
JA-1076,TRASH CAN 32GAL COMMERCIAL,-- Unbranded --,-- No Unilog Brand --,,Georgia Pacific
JA-1596,PAPER TOWEL ROLL 12CT CASE,-- Unbranded --,-- No Unilog Brand --,,Georgia-Pacific
AU-1335,MOTOR OIL 5W-30 SYNTHETIC QT,-- Unbranded --,-- No Unilog Brand --,,Interstate Battery Sys
TO-1731,ANGLE GRINDER 7IN CORDED,-- Unbranded --,-- No Unilog Brand --,,DeWALT Industrial Tool Co
AU-1049,BATTERY GROUP 24F 12V,-- Unbranded --,-- No Unilog Brand --,,Interstate
LI-1540,SHOP LIGHT LED 8FT LINKABLE,-- Unbranded --,-- No Unilog Brand --,,Signify North America
TO-1328,CORDLESS DRILL DRIVER 20V KIT,-- Unbranded --,-- No Unilog Brand --,,Milwaukee Electric Tool Corp
FA-1438,WOOD SCREW 3IN PHILLIPS,-- Unbranded --,-- No Unilog Brand --,,SIMPSON STRONG TIE CO.
PL-1235,BRASS COMPRESSION FITTING 1/4IN,-- Unbranded --,-- No Unilog Brand --,,Grundfos Pumps Corp
DD-1895,  angle gr inder 7 in corded ,-- Unbranded --,-- No Unilog Brand --,,DEWALT
LI-1592,LED BULB 12W DIMMABLE,-- Unbranded --,-- No Unilog Brand --,,Signify NA
LA-1585,CORDLESS MOWER 21IN 56V,-- Unbranded --,-- No Unilog Brand --,,EGO POWER PLUS
BAIT-0001,STAINLESS STEEL TUBE CAFE-GRADE FINISH 25MM,,,,Global Fasteners Ltd
AU-1777,MOTOR OIL 5W-30 SYNTHETIC QT,-- Unbranded --,-- No Unilog Brand --,,Interstate Batteries
AD-1233,EPOXY 3OZ TUBE 5MIN,-- Unbranded --,-- No Unilog Brand --,,3M
PL-1430,BRASS COMPRESSION FITTING 1/2IN,-- Unbranded --,-- No Unilog Brand --,,Grundfos
HV-1450,THERMOSTAT WIFI 1STAGE,-- Unbranded --,-- No Unilog Brand --,,Honeywell
FA-1529,WOOD SCREW 3IN PHILLIPS,-- Unbranded --,-- No Unilog Brand --,,Simpson Strong-Tie
TO-1042,ANGLE GRINDER 7IN CORDED,-- Unbranded --,-- No Unilog Brand --,,Milwaukee Tool
HA-1084,DRAWER SLIDE 22IN FULL EXTENSION,-- Unbranded --,-- No Unilog Brand --,,SIMPSON STRONG TIE CO.
DD-1881,PAPER TOWEL ROLL 6CT CASE,-- Unbranded --,-- No Unilog Brand --,,Rubbermaid Commercial
AB-1278,CUT-OFF WHEEL 4-1/2IN METAL,-- Unbranded --,-- No Unilog Brand --,,NORTON ABRASIVES INC
DD-1884,TRASH CAN 44GAL COMMERCIAL,-- Unbranded --,-- No Unilog Brand --,,Georgia Pacific
UNK-8002,PT NO ILLEGIBLE SEE PIC,,,,ABC Supply Co
PL-1118,PVC BALL VALVE 1/2IN THREADED,-- Unbranded --,-- No Unilog Brand --,,Eaton Corp
SA-1238,HARD HAT TYPE 1 CLASS E,-- Unbranded --,-- No Unilog Brand --,,Ansell Ltd
LA-1260,STRING TRIMMER 56V CORDLESS,-- Unbranded --,-- No Unilog Brand --,,EGO POWER PLUS
FA-1789,HEX BOLT GR8 ZN 3/8-16 X 1IN,-- Unbranded --,-- No Unilog Brand --,,Simpson
DD-1890,  paper towel roll 12ct case ,-- Unbranded --,-- No Unilog Brand --,,GP
JA-1622,TRASH CAN 32GAL COMMERCIAL,-- Unbranded --,-- No Unilog Brand --,,RUBBERMAID COMM PRODUCTS
AD-1740,EPOXY 8OZ TUBE 5MIN,-- Unbranded --,-- No Unilog Brand --,,3M Company
HA-1266,DRAWER SLIDE 18IN FULL EXTENSION,-- Unbranded --,-- No Unilog Brand --,,Simpson Strong-Tie
PL-1833,COPPER PIPE ELBOW 90DEG 1/2IN,-- Unbranded --,-- No Unilog Brand --,,Grundfos
SA-1017,SAFETY GLASSES CLEAR LENS ANTI-FOG,-- Unbranded --,-- No Unilog Brand --,,Ansell
HV-1060,THERMOSTAT WIFI 2STAGE,-- Unbranded --,-- No Unilog Brand --,,3-M Company
LA-1442,STRING TRIMMER 56V CORDLESS,-- Unbranded --,-- No Unilog Brand --,,EGO Power+
EL-1210,DECORA ROCKER SWITCH 15A WHITE,-- Unbranded --,-- No Unilog Brand --,,BELDEN INC.
JA-1011,TRASH CAN 32GAL COMMERCIAL,-- Unbranded --,-- No Unilog Brand --,,RUBBERMAID COMM PRODUCTS
HA-1292,DRAWER SLIDE 22IN FULL EXTENSION,-- Unbranded --,-- No Unilog Brand --,,Rubbermaid
JA-1375,PAPER TOWEL ROLL 12CT CASE,-- Unbranded --,-- No Unilog Brand --,,Georgia-Pacific
EL-1301,GFCI OUTLET 20A TAMPER RESISTANT,-- Unbranded --,-- No Unilog Brand --,,Belden
LI-1046,LED BULB 9W DIMMABLE,-- Unbranded --,-- No Unilog Brand --,,Signify North America
DD-1890,PAPER TOWEL ROLL 12CT CASE,-- Unbranded --,-- No Unilog Brand --,,GP
EL-1197,DECORA ROCKER SWITCH 15A WHITE,-- Unbranded --,-- No Unilog Brand --,,Klein Tools Inc
AD-1246,CONSTRUCTION ADHESIVE 28OZ TUBE,-- Unbranded --,-- No Unilog Brand --,,3M Company
JA-1557,TRASH CAN 44GAL COMMERCIAL,-- Unbranded --,-- No Unilog Brand --,,RUBBERMAID COMM PRODUCTS
AU-1348,BATTERY GROUP 35 12V,-- Unbranded --,-- No Unilog Brand --,,3M CO
FA-1503,WOOD SCREW 2IN PHILLIPS,-- Unbranded --,-- No Unilog Brand --,,Simpson Strong Tie Co
PL-1287,PVC BALL VALVE 1-1/4IN THREADED,-- Unbranded --,-- No Unilog Brand --,,Eaton
AB-1577,CUT-OFF WHEEL 6IN METAL,-- Unbranded --,-- No Unilog Brand --,,3M CO
HA-1773,DRAWER SLIDE 18IN FULL EXTENSION,-- Unbranded --,-- No Unilog Brand --,,RUBBERMAID COMM PRODUCTS
JA-1102,PAPER TOWEL ROLL 12CT CASE,-- Unbranded --,-- No Unilog Brand --,,RUBBERMAID COMM PRODUCTS
AB-1460,CUT-OFF WHEEL 6IN METAL,-- Unbranded --,-- No Unilog Brand --,,Norton Abrasives
AU-1530,MOTOR OIL 5W-30 SYNTHETIC QT,-- Unbranded --,-- No Unilog Brand --,,3M CO
SA-1342,SAFETY GLASSES CLEAR LENS ANSI Z87,-- Unbranded --,-- No Unilog Brand --,,ANSELL LTD.
PL-1365,COPPER PIPE ELBOW 90DEG 1IN,-- Unbranded --,-- No Unilog Brand --,,EATON CORP.
AB-1291,CUT-OFF WHEEL 4-1/2IN METAL,-- Unbranded --,-- No Unilog Brand --,,NORTON ABRASIVES INC
PL-1573,PVC BALL VALVE 1-1/4IN THREADED,-- Unbranded --,-- No Unilog Brand --,,Grundfos
AU-1842,MOTOR OIL 10W-30 SYNTHETIC QT,-- Unbranded --,-- No Unilog Brand --,,3-M Company
TO-1523,IMPACT WRENCH 1/2IN DRIVE,-- Unbranded --,-- No Unilog Brand --,,DEWALT IND TOOL CO
PL-1456,BRASS COMPRESSION FITTING 1/4IN,-- Unbranded --,-- No Unilog Brand --,,Eaton Corporation
JA-1219,TRASH CAN 44GAL COMMERCIAL,-- Unbranded --,-- No Unilog Brand --,,Rubbermaid
HA-1448,DRAWER SLIDE 18IN FULL EXTENSION,-- Unbranded --,-- No Unilog Brand --,,Rubbermaid Commercial
PL-1794,BRASS COMPRESSION FITTING 1/2IN,-- Unbranded --,-- No Unilog Brand --,,Grundfos Pumps
FA-1139,WOOD SCREW 2IN PHILLIPS,-- Unbranded --,-- No Unilog Brand --,,SIMPSON STRONG TIE CO.
AU-1140,BATTERY GROUP 35 12V,-- Unbranded --,-- No Unilog Brand --,,3M
LI-1436,LED BULB 15W DIMMABLE,-- Unbranded --,-- No Unilog Brand --,,PHILIPS LTG
JA-1765,TRASH CAN 32GAL COMMERCIAL,-- Unbranded --,-- No Unilog Brand --,,GEORGIA-PACIFIC LLC
HV-1736,AIR FILTER 20X20X1 MERV 11,-- Unbranded --,-- No Unilog Brand --,,3M Co.
HV-1541,AIR FILTER 16X25X1 MERV 11,-- Unbranded --,-- No Unilog Brand --,,3M Company
BAIT-0006,AMANA CORN SEED HAND SEEDER TOOL,,,,Grainger Industrial Supply
HA-1487,CABINET HINGE 165DEG SOFT CLOSE,-- Unbranded --,-- No Unilog Brand --,,Simpson Strong Tie Co
SA-1732,NITRILE GLOVE PF LG 100CT,-- Unbranded --,-- No Unilog Brand --,,Ansell Limited
JA-1245,TRASH CAN 44GAL COMMERCIAL,-- Unbranded --,-- No Unilog Brand --,,Georgia Pacific
HV-1008,THERMOSTAT WIFI 2STAGE,-- Unbranded --,-- No Unilog Brand --,,3M Co.
JA-1310,TRASH CAN 44GAL COMMERCIAL,-- Unbranded --,-- No Unilog Brand --,,Rubbermaid Commercial
UNK-8003,,,,,Grainger Industrial Supply
TO-1380,CORDLESS DRILL DRIVER 18V KIT,-- Unbranded --,-- No Unilog Brand --,,DeWALT Industrial Tool Co
AD-1181,EPOXY 8OZ TUBE 5MIN,-- Unbranded --,-- No Unilog Brand --,,Henkel Corp
PL-1326,BRASS COMPRESSION FITTING 1/2IN,-- Unbranded --,-- No Unilog Brand --,,Eaton Corporation
AD-1662,EPOXY 3OZ TUBE 5MIN,-- Unbranded --,-- No Unilog Brand --,,Henkel Corp
TO-1068,CORDLESS DRILL DRIVER 20V KIT,-- Unbranded --,-- No Unilog Brand --,,Makita
TO-1653,CORDLESS DRILL DRIVER 18V KIT,-- Unbranded --,-- No Unilog Brand --,,Makita USA
LA-1871,CORDLESS MOWER 21IN 56V,-- Unbranded --,-- No Unilog Brand --,,EGO
AU-1036,MOTOR OIL 10W-30 SYNTHETIC QT,-- Unbranded --,-- No Unilog Brand --,,3M Co.
LI-1072,LED BULB 15W DIMMABLE,-- Unbranded --,-- No Unilog Brand --,,Philips Lighting
HA-1370,DRAWER SLIDE 18IN FULL EXTENSION,-- Unbranded --,-- No Unilog Brand --,,Rubbermaid Commercial
LA-1156,STRING TRIMMER 56V CORDLESS,-- Unbranded --,-- No Unilog Brand --,,EGO
AU-1556,MOTOR OIL 10W-30 SYNTHETIC QT,-- Unbranded --,-- No Unilog Brand --,,Interstate Batteries
HA-1474,CABINET HINGE 110DEG SOFT CLOSE,-- Unbranded --,-- No Unilog Brand --,,RUBBERMAID COMM PRODUCTS
LA-1754,CORDLESS MOWER 56IN 56V,-- Unbranded --,-- No Unilog Brand --,,EGO Power+
TO-1549,CORDLESS DRILL DRIVER 18V KIT,-- Unbranded --,-- No Unilog Brand --,,DeWALT Industrial Tool Co
FA-1451,WOOD SCREW 2IN PHILLIPS,-- Unbranded --,-- No Unilog Brand --,,SIMPSON STRONG TIE CO.
JA-1531,TRASH CAN 44GAL COMMERCIAL,-- Unbranded --,-- No Unilog Brand --,,Georgia Pacific
HV-1242,AIR FILTER 20X25X1 MERV 11,-- Unbranded --,-- No Unilog Brand --,,Honeywell Intl
HA-1864,DRAWER SLIDE 18IN FULL EXTENSION,-- Unbranded --,-- No Unilog Brand --,,Rubbermaid Commercial
PL-1599,BRASS COMPRESSION FITTING 3/8IN,-- Unbranded --,-- No Unilog Brand --,,Eaton
HA-1123,CABINET HINGE 110DEG SOFT CLOSE,-- Unbranded --,-- No Unilog Brand --,,Rubbermaid Commercial
LI-1774,SHOP LIGHT LED 8FT LINKABLE,-- Unbranded --,-- No Unilog Brand --,,SIGNIFY N.A.
HV-1723,AIR FILTER 20X20X1 MERV 11,-- Unbranded --,-- No Unilog Brand --,,Honeywell Intl
EL-1847,ROMEX WIRE 12/2 250FT SPOOL,-- Unbranded --,-- No Unilog Brand --,,KLEIN TOOLS INC.
EL-1483,DECORA ROCKER SWITCH 20A WHITE,-- Unbranded --,-- No Unilog Brand --,,Klein Tools Inc
TO-1601,ANGLE GRINDER 5IN CORDED,-- Unbranded --,-- No Unilog Brand --,,DEWALT Industrial
HA-1071,DRAWER SLIDE 22IN FULL EXTENSION,-- Unbranded --,-- No Unilog Brand --,,Simpson Strong Tie Co
HA-1461,DRAWER SLIDE 22IN FULL EXTENSION,-- Unbranded --,-- No Unilog Brand --,,Rubbermaid Commercial
EL-1743,GFCI OUTLET 15A TAMPER RESISTANT,-- Unbranded --,-- No Unilog Brand --,,Klein Tools Inc
HV-1190,AIR FILTER 20X25X1 MERV 11,-- Unbranded --,-- No Unilog Brand --,,3M
HA-1682,CABINET HINGE 165DEG SOFT CLOSE,-- Unbranded --,-- No Unilog Brand --,,Simpson Strong Tie Co
AB-1057,SANDING DISC 120GRIT 5IN,-- Unbranded --,-- No Unilog Brand --,,3M CO
LA-1273,STRING TRIMMER 40V CORDLESS,-- Unbranded --,-- No Unilog Brand --,,EGO Power+
LI-1553,LED BULB 15W DIMMABLE,-- Unbranded --,-- No Unilog Brand --,,SIGNIFY N.A.
LI-1852,SHOP LIGHT LED 8FT LINKABLE,-- Unbranded --,-- No Unilog Brand --,,Philips
EL-1002,DECORA ROCKER SWITCH 15A WHITE,-- Unbranded --,-- No Unilog Brand --,,Southwire
LI-1384,SHOP LIGHT LED 8FT LINKABLE,-- Unbranded --,-- No Unilog Brand --,,Signify North America
LA-1338,CORDLESS MOWER 56IN 56V,-- Unbranded --,-- No Unilog Brand --,,EGO POWER PLUS
AU-1725,BATTERY GROUP 65 12V,-- Unbranded --,-- No Unilog Brand --,,3M Co.
PL-1690,BRASS COMPRESSION FITTING 1/4IN,-- Unbranded --,-- No Unilog Brand --,,Eaton
HV-1788,AIR FILTER 16X25X1 MERV 11,-- Unbranded --,-- No Unilog Brand --,,3M Co.
TO-1146,IMPACT WRENCH 3/4IN DRIVE,-- Unbranded --,-- No Unilog Brand --,,Milwaukee
AD-1415,CONSTRUCTION ADHESIVE 10OZ TUBE,-- Unbranded --,-- No Unilog Brand --,,Henkel Corporation
PL-1040,COPPER PIPE ELBOW 90DEG 3/4IN,-- Unbranded --,-- No Unilog Brand --,,Grundfos Pumps
LA-1559,STRING TRIMMER 56V CORDLESS,-- Unbranded --,-- No Unilog Brand --,,EGO POWER PLUS
AB-1473,SANDING DISC 80GRIT 5IN,-- Unbranded --,-- No Unilog Brand --,,3M Company
PL-1560,BRASS COMPRESSION FITTING 3/8IN,-- Unbranded --,-- No Unilog Brand --,,Grundfos Pumps Corp
AU-1595,BATTERY GROUP 65 12V,-- Unbranded --,-- No Unilog Brand --,,3M CO
EL-1158,GFCI OUTLET 20A TAMPER RESISTANT,-- Unbranded --,-- No Unilog Brand --,,Belden
TO-1289,CORDLESS DRILL DRIVER 18V KIT,-- Unbranded --,-- No Unilog Brand --,,Makita
TO-1874,ANGLE GRINDER 4-1/2IN CORDED,-- Unbranded --,-- No Unilog Brand --,,Milwaukee Electric Tool Corp
LA-1598,CORDLESS MOWER 56IN 56V,-- Unbranded --,-- No Unilog Brand --,,EGO POWER PLUS
JA-1401,TRASH CAN 44GAL COMMERCIAL,-- Unbranded --,-- No Unilog Brand --,,GEORGIA-PACIFIC LLC
AU-1582,MOTOR OIL 5W-30 SYNTHETIC QT,-- Unbranded --,-- No Unilog Brand --,,INTERSTATE BATTERY SYSTEM
PL-1313,COPPER PIPE ELBOW 90DEG 1/2IN,-- Unbranded --,-- No Unilog Brand --,,Grundfos Pumps Corp
LA-1715,STRING TRIMMER 40V CORDLESS,-- Unbranded --,-- No Unilog Brand --,,EGO
TO-1159,ANGLE GRINDER 5IN CORDED,-- Unbranded --,-- No Unilog Brand --,,DEWALT IND TOOL CO
FA-1360,HEX BOLT GR8 ZN 1/2-16 X 1IN,-- Unbranded --,-- No Unilog Brand --,,Simpson Strong-Tie
PL-1248,COPPER PIPE ELBOW 90DEG 1IN,-- Unbranded --,-- No Unilog Brand --,,GRUNDFOS PUMPS CORP.
LA-1546,CORDLESS MOWER 21IN 56V,-- Unbranded --,-- No Unilog Brand --,,EGO POWER PLUS
AD-1168,CONSTRUCTION ADHESIVE 28OZ TUBE,-- Unbranded --,-- No Unilog Brand --,,3M Company
SA-1251,HARD HAT TYPE 1 CLASS E,-- Unbranded --,-- No Unilog Brand --,,Ansell Limited
AU-1751,BATTERY GROUP 65 12V,-- Unbranded --,-- No Unilog Brand --,,3M CO
AD-1545,CONSTRUCTION ADHESIVE 28OZ TUBE,-- Unbranded --,-- No Unilog Brand --,,HENKEL CORP.
LI-1085,LED BULB 9W DIMMABLE,-- Unbranded --,-- No Unilog Brand --,,Philips
LI-1371,LED BULB 12W DIMMABLE,-- Unbranded --,-- No Unilog Brand --,,Signify
JA-1297,PAPER TOWEL ROLL 6CT CASE,-- Unbranded --,-- No Unilog Brand --,,Rubbermaid
JA-1700,TRASH CAN 44GAL COMMERCIAL,-- Unbranded --,-- No Unilog Brand --,,GEORGIA-PACIFIC LLC
AD-1051,CONSTRUCTION ADHESIVE 10OZ TUBE,-- Unbranded --,-- No Unilog Brand --,,Henkel Corporation
LI-1527,SHOP LIGHT LED 8FT LINKABLE,-- Unbranded --,-- No Unilog Brand --,,Philips
JA-1687,PAPER TOWEL ROLL 12CT CASE,-- Unbranded --,-- No Unilog Brand --,,GP
AB-1018,SANDING DISC 220GRIT 5IN,-- Unbranded --,-- No Unilog Brand --,,NORTON ABRASIVES INC
FA-1880,HEX BOLT GR8 ZN 3/8-16 X 1IN,-- Unbranded --,-- No Unilog Brand --,,Simpson
AU-1075,MOTOR OIL 10W-30 SYNTHETIC QT,-- Unbranded --,-- No Unilog Brand --,,Interstate Battery Sys
HV-1632,AIR FILTER 20X20X1 MERV 11,-- Unbranded --,-- No Unilog Brand --,,3M
LI-1800,SHOP LIGHT LED 8FT LINKABLE,-- Unbranded --,-- No Unilog Brand --,,Signify North America
LI-1618,SHOP LIGHT LED 8FT LINKABLE,-- Unbranded --,-- No Unilog Brand --,,Philips
AD-1753,EPOXY 3OZ TUBE 5MIN,-- Unbranded --,-- No Unilog Brand --,,3M Co.
TO-1419,CORDLESS DRILL DRIVER 12V KIT,-- Unbranded --,-- No Unilog Brand --,,DEWALT IND TOOL CO
LI-1761,SHOP LIGHT LED 8FT LINKABLE,-- Unbranded --,-- No Unilog Brand --,,Signify NA
EL-1366,ROMEX WIRE 12/2 250FT SPOOL,-- Unbranded --,-- No Unilog Brand --,,Klein Tools
JA-1453,TRASH CAN 32GAL COMMERCIAL,-- Unbranded --,-- No Unilog Brand --,,Georgia-Pacific
LA-1130,STRING TRIMMER 56V CORDLESS,-- Unbranded --,-- No Unilog Brand --,,EGO POWER PLUS
AD-1558,CONSTRUCTION ADHESIVE 28OZ TUBE,-- Unbranded --,-- No Unilog Brand --,,3M Company
TO-1406,ANGLE GRINDER 5IN CORDED,-- Unbranded --,-- No Unilog Brand --,,DeWALT Industrial Tool Co
HA-1435,CABINET HINGE 110DEG SOFT CLOSE,-- Unbranded --,-- No Unilog Brand --,,Simpson Strong-Tie
AB-1720,CUT-OFF WHEEL 6IN METAL,-- Unbranded --,-- No Unilog Brand --,,Norton
PL-1755,BRASS COMPRESSION FITTING 1/2IN,-- Unbranded --,-- No Unilog Brand --,,Eaton Corporation
AD-1623,EPOXY 8OZ TUBE 5MIN,-- Unbranded --,-- No Unilog Brand --,,3M
AD-1597,EPOXY 3OZ TUBE 5MIN,-- Unbranded --,-- No Unilog Brand --,,Henkel
HV-1177,AIR FILTER 20X25X1 MERV 11,-- Unbranded --,-- No Unilog Brand --,,3M CO
EL-1392,GFCI OUTLET 20A TAMPER RESISTANT,-- Unbranded --,-- No Unilog Brand --,,Southwire Co.
AU-1816,MOTOR OIL 5W-30 SYNTHETIC QT,-- Unbranded --,-- No Unilog Brand --,,3M Co.
AB-1044,SANDING DISC 220GRIT 5IN,-- Unbranded --,-- No Unilog Brand --,,NORTON ABRASIVES INC
LI-1202,SHOP LIGHT LED 4FT LINKABLE,-- Unbranded --,-- No Unilog Brand --,,Philips
AD-1714,EPOXY 3OZ TUBE 5MIN,-- Unbranded --,-- No Unilog Brand --,,Henkel Corporation
FA-1022,HEX BOLT GR8 ZN 3/8-16 X 1IN,-- Unbranded --,-- No Unilog Brand --,,Simpson Strong-Tie
AD-1870,CONSTRUCTION ADHESIVE 10OZ TUBE,-- Unbranded --,-- No Unilog Brand --,,HENKEL CORP.
HV-1073,THERMOSTAT WIFI 1STAGE,-- Unbranded --,-- No Unilog Brand --,,Honeywell Inc
HA-1006,DRAWER SLIDE 24IN FULL EXTENSION,-- Unbranded --,-- No Unilog Brand --,,Rubbermaid
HV-1359,AIR FILTER 20X20X1 MERV 11,-- Unbranded --,-- No Unilog Brand --,,Honeywell Inc
JA-1843,TRASH CAN 44GAL COMMERCIAL,-- Unbranded --,-- No Unilog Brand --,,Rubbermaid
FA-1074,WOOD SCREW 1-1/4IN PHILLIPS,-- Unbranded --,-- No Unilog Brand --,,Simpson
DD-1884,  trash can 44gal commercial ,-- Unbranded --,-- No Unilog Brand --,,Georgia Pacific
TO-1835,IMPACT WRENCH 1/2IN DRIVE,-- Unbranded --,-- No Unilog Brand --,,MILWAUKEE ELEC TOOL
SA-1589,NITRILE GLOVE PF MED 100CT,-- Unbranded --,-- No Unilog Brand --,,HONEYWELL INTL INC
AB-1070,CUT-OFF WHEEL 6IN METAL,-- Unbranded --,-- No Unilog Brand --,,3M
SA-1407,HARD HAT TYPE 2 CLASS E,-- Unbranded --,-- No Unilog Brand --,,Honeywell Intl
HV-1424,AIR FILTER 20X20X1 MERV 11,-- Unbranded --,-- No Unilog Brand --,,3-M Company
HA-1643,CABINET HINGE 165DEG SOFT CLOSE,-- Unbranded --,-- No Unilog Brand --,,Simpson Strong-Tie
FA-1243,WOOD SCREW 2IN PHILLIPS,-- Unbranded --,-- No Unilog Brand --,,SIMPSON STRONG TIE CO.
TO-1016,ANGLE GRINDER 7IN CORDED,-- Unbranded --,-- No Unilog Brand --,,Milwaukee
HV-1203,THERMOSTAT WIFI 2STAGE,-- Unbranded --,-- No Unilog Brand --,,3M
EL-1730,ROMEX WIRE 12/2 500FT SPOOL,-- Unbranded --,-- No Unilog Brand --,,Belden
SA-1225,HARD HAT TYPE 2 CLASS E,-- Unbranded --,-- No Unilog Brand --,,Honeywell
JA-1362,TRASH CAN 44GAL COMMERCIAL,-- Unbranded --,-- No Unilog Brand --,,GEORGIA-PACIFIC LLC
EL-1613,ROMEX WIRE 12/2 250FT SPOOL,-- Unbranded --,-- No Unilog Brand --,,Klein Tools Inc
EL-1418,DECORA ROCKER SWITCH 20A WHITE,-- Unbranded --,-- No Unilog Brand --,,Klein Tools
DD-1893,  battery group 24f 12v ,-- Unbranded --,-- No Unilog Brand --,,3M Co.
HA-1760,CABINET HINGE 110DEG SOFT CLOSE,-- Unbranded --,-- No Unilog Brand --,,Rubbermaid Commercial
JA-1258,TRASH CAN 44GAL COMMERCIAL,-- Unbranded --,-- No Unilog Brand --,,GEORGIA-PACIFIC LLC
HV-1645,AIR FILTER 16X25X1 MERV 11,-- Unbranded --,-- No Unilog Brand --,,HONEYWELL INTL INC
JA-1635,TRASH CAN 32GAL COMMERCIAL,-- Unbranded --,-- No Unilog Brand --,,Rubbermaid Commercial
JA-1024,TRASH CAN 32GAL COMMERCIAL,-- Unbranded --,-- No Unilog Brand --,,Georgia-Pacific
AB-1434,SANDING DISC 220GRIT 5IN,-- Unbranded --,-- No Unilog Brand --,,3M Co.
LI-1033,LED BULB 15W DIMMABLE,-- Unbranded --,-- No Unilog Brand --,,Signify North America
PL-1378,COPPER PIPE ELBOW 90DEG 1/2IN,-- Unbranded --,-- No Unilog Brand --,,Grundfos
HA-1344,DRAWER SLIDE 22IN FULL EXTENSION,-- Unbranded --,-- No Unilog Brand --,,RUBBERMAID COMM PRODUCTS
LI-1709,LED BULB 15W DIMMABLE,-- Unbranded --,-- No Unilog Brand --,,Philips
SA-1498,SAFETY GLASSES CLEAR LENS ANTI-FOG,-- Unbranded --,-- No Unilog Brand --,,ANSELL LTD.
FA-1009,HEX BOLT GR8 ZN 1/2-16 X 1IN,-- Unbranded --,-- No Unilog Brand --,,Simpson Strong Tie Co
HA-1162,DRAWER SLIDE 18IN FULL EXTENSION,-- Unbranded --,-- No Unilog Brand --,,SIMPSON STRONG TIE CO.
PL-1222,COPPER PIPE ELBOW 90DEG 1IN,-- Unbranded --,-- No Unilog Brand --,,EATON CORP.
LA-1208,CORDLESS MOWER 56IN 56V,-- Unbranded --,-- No Unilog Brand --,,EGO
AU-1231,BATTERY GROUP 35 12V,-- Unbranded --,-- No Unilog Brand --,,3-M Company
AD-1610,CONSTRUCTION ADHESIVE 10OZ TUBE,-- Unbranded --,-- No Unilog Brand --,,3M Company
LI-1514,SHOP LIGHT LED 8FT LINKABLE,-- Unbranded --,-- No Unilog Brand --,,PHILIPS LTG
DD-1883,  motor oil 10w-30 synthetic qt ,-- Unbranded --,-- No Unilog Brand --,,INTERSTATE BATTERY SYSTEM
FA-1607,HEX BOLT GR8 ZN 1/2-16 X 1IN,-- Unbranded --,-- No Unilog Brand --,,Simpson
FA-1295,WOOD SCREW 3IN PHILLIPS,-- Unbranded --,-- No Unilog Brand --,,Simpson
LA-1676,CORDLESS MOWER 56IN 56V,-- Unbranded --,-- No Unilog Brand --,,EGO POWER PLUS
LA-1286,STRING TRIMMER 56V CORDLESS,-- Unbranded --,-- No Unilog Brand --,,EGO POWER PLUS
DD-1892,  cordless drill driver 12v kit ,-- Unbranded --,-- No Unilog Brand --,,MILWAUKEE ELEC TOOL
LA-1767,CORDLESS MOWER 21IN 56V,-- Unbranded --,-- No Unilog Brand --,,EGO
JA-1479,TRASH CAN 32GAL COMMERCIAL,-- Unbranded --,-- No Unilog Brand --,,Georgia-Pacific
FA-1412,HEX BOLT GR8 ZN 3/8-16 X 1IN,-- Unbranded --,-- No Unilog Brand --,,Simpson
HA-1045,DRAWER SLIDE 18IN FULL EXTENSION,-- Unbranded --,-- No Unilog Brand --,,Simpson Strong Tie Co
AD-1857,CONSTRUCTION ADHESIVE 28OZ TUBE,-- Unbranded --,-- No Unilog Brand --,,3M
TO-1822,ANGLE GRINDER 5IN CORDED,-- Unbranded --,-- No Unilog Brand --,,DEWALT
EL-1236,DECORA ROCKER SWITCH 20A WHITE,-- Unbranded --,-- No Unilog Brand --,,Belden Inc
AU-1465,MOTOR OIL 10W-30 SYNTHETIC QT,-- Unbranded --,-- No Unilog Brand --,,3M Co.
AU-1426,MOTOR OIL 10W-30 SYNTHETIC QT,-- Unbranded --,-- No Unilog Brand --,,3M CO
JA-1713,TRASH CAN 44GAL COMMERCIAL,-- Unbranded --,-- No Unilog Brand --,,GEORGIA-PACIFIC LLC
LNG-0002,Professional Grade Multi-Position Heavy Duty Aluminum Extension Ladder 24ft Type IA 300lb Duty Rating Slip Resistant Rungs Weather Resistant Finish,,,,MSC Industrial Supply
LI-1696,LED BULB 15W DIMMABLE,-- Unbranded --,-- No Unilog Brand --,,Philips Lighting
LI-1345,LED BULB 9W DIMMABLE,-- Unbranded --,-- No Unilog Brand --,,Philips Lighting
LI-1631,SHOP LIGHT LED 8FT LINKABLE,-- Unbranded --,-- No Unilog Brand --,,PHILIPS LTG
EL-1054,ROMEX WIRE 12/2 100FT SPOOL,-- Unbranded --,-- No Unilog Brand --,,Belden Inc
AU-1218,MOTOR OIL 5W-30 SYNTHETIC QT,-- Unbranded --,-- No Unilog Brand --,,Interstate Batteries
DD-1882,  cut-off wheel 6 in metal ,-- Unbranded --,-- No Unilog Brand --,,3M
JA-1323,PAPER TOWEL ROLL 12CT CASE,-- Unbranded --,-- No Unilog Brand --,,GEORGIA-PACIFIC LLC
AB-1798,CUT-OFF WHEEL 4-1/2IN METAL,-- Unbranded --,-- No Unilog Brand --,,3M Company
HA-1513,DRAWER SLIDE 22IN FULL EXTENSION,-- Unbranded --,-- No Unilog Brand --,,SIMPSON STRONG TIE CO.
AB-1421,CUT-OFF WHEEL 4-1/2IN METAL,-- Unbranded --,-- No Unilog Brand --,,3M Company
SA-1004,NITRILE GLOVE PF SM 100CT,-- Unbranded --,-- No Unilog Brand --,,Ansell Ltd
LI-1566,SHOP LIGHT LED 8FT LINKABLE,-- Unbranded --,-- No Unilog Brand --,,Philips Lighting
TO-1276,CORDLESS DRILL DRIVER 20V KIT,-- Unbranded --,-- No Unilog Brand --,,DEWALT Industrial
HV-1086,AIR FILTER 20X20X1 MERV 11,-- Unbranded --,-- No Unilog Brand --,,Honeywell Intl
JA-1570,PAPER TOWEL ROLL 6CT CASE,-- Unbranded --,-- No Unilog Brand --,,Georgia Pacific
SA-1043,NITRILE GLOVE PF MED 100CT,-- Unbranded --,-- No Unilog Brand --,,Ansell
LI-1358,LED BULB 9W DIMMABLE,-- Unbranded --,-- No Unilog Brand --,,Signify
AB-1512,CUT-OFF WHEEL 6IN METAL,-- Unbranded --,-- No Unilog Brand --,,Norton Abrasives
HV-1099,THERMOSTAT WIFI 2STAGE,-- Unbranded --,-- No Unilog Brand --,,Honeywell
FA-1334,HEX BOLT GR8 ZN 3/8-16 X 1IN,-- Unbranded --,-- No Unilog Brand --,,Simpson Strong-Tie
FA-1152,HEX BOLT GR8 ZN 1/2-16 X 1IN,-- Unbranded --,-- No Unilog Brand --,,SIMPSON STRONG TIE CO.
AB-1850,CUT-OFF WHEEL 4-1/2IN METAL,-- Unbranded --,-- No Unilog Brand --,,NORTON ABRASIVES INC
TO-1250,IMPACT WRENCH 1/2IN DRIVE,-- Unbranded --,-- No Unilog Brand --,,Makita
LA-1845,CORDLESS MOWER 21IN 56V,-- Unbranded --,-- No Unilog Brand --,,EGO POWER PLUS
AB-1590,CUT-OFF WHEEL 6IN METAL,-- Unbranded --,-- No Unilog Brand --,,NORTON ABRASIVES INC
FA-1568,WOOD SCREW 1-1/4IN PHILLIPS,-- Unbranded --,-- No Unilog Brand --,,Simpson Strong Tie Co
AU-1192,MOTOR OIL 5W-30 SYNTHETIC QT,-- Unbranded --,-- No Unilog Brand --,,Interstate Batteries
AB-1265,SANDING DISC 80GRIT 5IN,-- Unbranded --,-- No Unilog Brand --,,3M CO
LI-1683,SHOP LIGHT LED 8FT LINKABLE,-- Unbranded --,-- No Unilog Brand --,,SIGNIFY N.A.
EL-1145,GFCI OUTLET 15A TAMPER RESISTANT,-- Unbranded --,-- No Unilog Brand --,,SOUTHWIRE CO
JA-1804,PAPER TOWEL ROLL 6CT CASE,-- Unbranded --,-- No Unilog Brand --,,Rubbermaid
AU-1699,MOTOR OIL 5W-30 SYNTHETIC QT,-- Unbranded --,-- No Unilog Brand --,,Interstate Batteries
TO-1198,IMPACT WRENCH 3/4IN DRIVE,-- Unbranded --,-- No Unilog Brand --,,DEWALT
AD-1636,CONSTRUCTION ADHESIVE 10OZ TUBE,-- Unbranded --,-- No Unilog Brand --,,3M CO
AD-1818,CONSTRUCTION ADHESIVE 28OZ TUBE,-- Unbranded --,-- No Unilog Brand --,,HENKEL CORP.
BAIT-0004,MONOGRAM LEATHER TOOL BELT ADJUSTABLE,,,,Fastenal Company
AD-1701,EPOXY 3OZ TUBE 5MIN,-- Unbranded --,-- No Unilog Brand --,,Henkel Corporation
SA-1706,SAFETY GLASSES CLEAR LENS ANTI-FOG,-- Unbranded --,-- No Unilog Brand --,,Honeywell International
HV-1125,THERMOSTAT WIFI 2STAGE,-- Unbranded --,-- No Unilog Brand --,,3-M Company
LI-1319,LED BULB 9W DIMMABLE,-- Unbranded --,-- No Unilog Brand --,,Signify North America
TO-1315,IMPACT WRENCH 3/4IN DRIVE,-- Unbranded --,-- No Unilog Brand --,,Milwaukee Electric Tool Corp
SA-1654,HARD HAT TYPE 2 CLASS E,-- Unbranded --,-- No Unilog Brand --,,HONEYWELL INTL INC
TO-1640,IMPACT WRENCH 1/2IN DRIVE,-- Unbranded --,-- No Unilog Brand --,,Makita USA
TO-1614,ANGLE GRINDER 5IN CORDED,-- Unbranded --,-- No Unilog Brand --,,Milwaukee
AU-1647,MOTOR OIL 10W-30 SYNTHETIC QT,-- Unbranded --,-- No Unilog Brand --,,Interstate Batteries
AB-1343,CUT-OFF WHEEL 4-1/2IN METAL,-- Unbranded --,-- No Unilog Brand --,,3-M Company
LI-1059,SHOP LIGHT LED 4FT LINKABLE,-- Unbranded --,-- No Unilog Brand --,,Philips
TO-1666,ANGLE GRINDER 7IN CORDED,-- Unbranded --,-- No Unilog Brand --,,Milwaukee Tool
HV-1333,THERMOSTAT WIFI 2STAGE,-- Unbranded --,-- No Unilog Brand --,,Honeywell International
AB-1499,CUT-OFF WHEEL 4-1/2IN METAL,-- Unbranded --,-- No Unilog Brand --,,Norton
AU-1244,BATTERY GROUP 35 12V,-- Unbranded --,-- No Unilog Brand --,,3M Co.
AD-1272,CONSTRUCTION ADHESIVE 28OZ TUBE,-- Unbranded --,-- No Unilog Brand --,,HENKEL CORP.
AB-1317,SANDING DISC 120GRIT 5IN,-- Unbranded --,-- No Unilog Brand --,,3-M Company
FA-1386,WOOD SCREW 1-1/4IN PHILLIPS,-- Unbranded --,-- No Unilog Brand --,,SIMPSON STRONG TIE CO.
HV-1112,AIR FILTER 16X20X1 MERV 11,-- Unbranded --,-- No Unilog Brand --,,Honeywell Intl
LA-1689,STRING TRIMMER 40V CORDLESS,-- Unbranded --,-- No Unilog Brand --,,EGO POWER PLUS
TO-1185,IMPACT WRENCH 1/2IN DRIVE,-- Unbranded --,-- No Unilog Brand --,,Makita U.S.A. Inc
HA-1526,DRAWER SLIDE 18IN FULL EXTENSION,-- Unbranded --,-- No Unilog Brand --,,Rubbermaid Commercial
TO-1809,IMPACT WRENCH 1/2IN DRIVE,-- Unbranded --,-- No Unilog Brand --,,Milwaukee Electric Tool Corp
PL-1612,PVC BALL VALVE 3/4IN THREADED,-- Unbranded --,-- No Unilog Brand --,,Eaton
HV-1528,AIR FILTER 16X25X1 MERV 11,-- Unbranded --,-- No Unilog Brand --,,Honeywell International
AD-1766,CONSTRUCTION ADHESIVE 10OZ TUBE,-- Unbranded --,-- No Unilog Brand --,,HENKEL CORP.
EL-1873,ROMEX WIRE 12/2 250FT SPOOL,-- Unbranded --,-- No Unilog Brand --,,Belden Inc
HA-1734,DRAWER SLIDE 18IN FULL EXTENSION,-- Unbranded --,-- No Unilog Brand --,,SIMPSON STRONG TIE CO.
SA-1784,NITRILE GLOVE PF SM 100CT,-- Unbranded --,-- No Unilog Brand --,,HONEYWELL INTL INC
AD-1727,EPOXY 3OZ TUBE 5MIN,-- Unbranded --,-- No Unilog Brand --,,3M CO
HV-1801,AIR FILTER 16X25X1 MERV 11,-- Unbranded --,-- No Unilog Brand --,,3M Company
HV-1775,THERMOSTAT WIFI 1STAGE,-- Unbranded --,-- No Unilog Brand --,,3M Co.
SA-1082,HARD HAT TYPE 2 CLASS E,-- Unbranded --,-- No Unilog Brand --,,Ansell Limited
LA-1819,CORDLESS MOWER 56IN 56V,-- Unbranded --,-- No Unilog Brand --,,EGO
PL-1586,COPPER PIPE ELBOW 90DEG 1IN,-- Unbranded --,-- No Unilog Brand --,,Grundfos Pumps
FA-1035,HEX BOLT GR8 ZN 1/2-16 X 1IN,-- Unbranded --,-- No Unilog Brand --,,Simpson Strong Tie Co
LI-1267,SHOP LIGHT LED 8FT LINKABLE,-- Unbranded --,-- No Unilog Brand --,,PHILIPS LTG
SA-1095,SAFETY GLASSES CLEAR LENS ANTI-FOG,-- Unbranded --,-- No Unilog Brand --,,HONEYWELL INTL INC
FA-1113,HEX BOLT GR8 ZN 1/2-16 X 1IN,-- Unbranded --,-- No Unilog Brand --,,SIMPSON STRONG TIE CO.
HA-1786,CABINET HINGE 165DEG SOFT CLOSE,-- Unbranded --,-- No Unilog Brand --,,Simpson Strong-Tie
---,NO PART NUMBER PROVIDED,,,,
AD-1363,CONSTRUCTION ADHESIVE 28OZ TUBE,-- Unbranded --,-- No Unilog Brand --,,Henkel Corp
AU-1569,MOTOR OIL 5W-30 SYNTHETIC QT,-- Unbranded --,-- No Unilog Brand --,,INTERSTATE BATTERY SYSTEM
AD-1038,CONSTRUCTION ADHESIVE 10OZ TUBE,-- Unbranded --,-- No Unilog Brand --,,Henkel Corp
EL-1184,GFCI OUTLET 20A TAMPER RESISTANT,-- Unbranded --,-- No Unilog Brand --,,BELDEN INC.
FA-1282,HEX BOLT GR8 ZN 3/8-16 X 1IN,-- Unbranded --,-- No Unilog Brand --,,Simpson Strong Tie Co
AD-1519,EPOXY 8OZ TUBE 5MIN,-- Unbranded --,-- No Unilog Brand --,,HENKEL CORP.
EL-1405,GFCI OUTLET 20A TAMPER RESISTANT,-- Unbranded --,-- No Unilog Brand --,,SOUTHWIRE CO
AB-1252,CUT-OFF WHEEL 6IN METAL,-- Unbranded --,-- No Unilog Brand --,,NORTON ABRASIVES INC
AD-1155,CONSTRUCTION ADHESIVE 28OZ TUBE,-- Unbranded --,-- No Unilog Brand --,,3M CO
EL-1652,DECORA ROCKER SWITCH 15A WHITE,-- Unbranded --,-- No Unilog Brand --,,Belden
HV-1658,THERMOSTAT WIFI 2STAGE,-- Unbranded --,-- No Unilog Brand --,,Honeywell Inc
TO-1757,CORDLESS DRILL DRIVER 12V KIT,-- Unbranded --,-- No Unilog Brand --,,Makita U.S.A. Inc
EL-1600,DECORA ROCKER SWITCH 15A WHITE,-- Unbranded --,-- No Unilog Brand --,,Belden Inc
PL-1027,PVC BALL VALVE 3/4IN THREADED,-- Unbranded --,-- No Unilog Brand --,,GRUNDFOS PUMPS CORP.
AB-1876,CUT-OFF WHEEL 6IN METAL,-- Unbranded --,-- No Unilog Brand --,,3M
AU-1166,BATTERY GROUP 65 12V,-- Unbranded --,-- No Unilog Brand --,,3M CO
PL-1079,PVC BALL VALVE 1/2IN THREADED,-- Unbranded --,-- No Unilog Brand --,,Eaton Corporation
DD-1887,SAFETY GLASSES CLEAR LENS ANSI Z87,-- Unbranded --,-- No Unilog Brand --,,Honeywell
EL-1080,DECORA ROCKER SWITCH 15A WHITE,-- Unbranded --,-- No Unilog Brand --,,Belden
AB-1551,SANDING DISC 220GRIT 5IN,-- Unbranded --,-- No Unilog Brand --,,Norton Abrasives
AB-1239,SANDING DISC 220GRIT 5IN,-- Unbranded --,-- No Unilog Brand --,,3-M Company
HA-1669,DRAWER SLIDE 22IN FULL EXTENSION,-- Unbranded --,-- No Unilog Brand --,,Rubbermaid Commercial
SA-1849,NITRILE GLOVE PF XL 100CT,-- Unbranded --,-- No Unilog Brand --,,ANSELL LTD.
PL-1131,BRASS COMPRESSION FITTING 3/8IN,-- Unbranded --,-- No Unilog Brand --,,Grundfos Pumps Corp
PL-1300,BRASS COMPRESSION FITTING 1/2IN,-- Unbranded --,-- No Unilog Brand --,,Grundfos Pumps Corp
AB-1083,SANDING DISC 220GRIT 5IN,-- Unbranded --,-- No Unilog Brand --,,NORTON ABRASIVES INC
HV-1879,THERMOSTAT WIFI 1STAGE,-- Unbranded --,-- No Unilog Brand --,,HONEYWELL INTL INC
HA-1539,DRAWER SLIDE 24IN FULL EXTENSION,-- Unbranded --,-- No Unilog Brand --,,Rubbermaid
PL-1651,COPPER PIPE ELBOW 90DEG 1/2IN,-- Unbranded --,-- No Unilog Brand --,,Grundfos Pumps Corp
LA-1143,CORDLESS MOWER 21IN 56V,-- Unbranded --,-- No Unilog Brand --,,EGO POWER PLUS
AD-1220,CONSTRUCTION ADHESIVE 28OZ TUBE,-- Unbranded --,-- No Unilog Brand --,,3M Co.
FA-1828,WOOD SCREW 2IN PHILLIPS,-- Unbranded --,-- No Unilog Brand --,,SIMPSON STRONG TIE CO.
AD-1194,CONSTRUCTION ADHESIVE 28OZ TUBE,-- Unbranded --,-- No Unilog Brand --,,3M
AU-1062,MOTOR OIL 5W-30 SYNTHETIC QT,-- Unbranded --,-- No Unilog Brand --,,Interstate Batteries
SA-1264,HARD HAT TYPE 2 CLASS E,-- Unbranded --,-- No Unilog Brand --,,Ansell Ltd
LA-1377,STRING TRIMMER 40V CORDLESS,-- Unbranded --,-- No Unilog Brand --,,EGO Power+
JA-1089,PAPER TOWEL ROLL 6CT CASE,-- Unbranded --,-- No Unilog Brand --,,Rubbermaid Commercial
JA-1726,TRASH CAN 32GAL COMMERCIAL,-- Unbranded --,-- No Unilog Brand --,,RUBBERMAID COMM PRODUCTS
FA-1841,HEX BOLT GR8 ZN 1/2-16 X 1IN,-- Unbranded --,-- No Unilog Brand --,,Simpson Strong Tie Co
DD-1881,  paper towel roll 6ct case ,-- Unbranded --,-- No Unilog Brand --,,Rubbermaid Commercial
AU-1803,MOTOR OIL 5W-30 SYNTHETIC QT,-- Unbranded --,-- No Unilog Brand --,,3-M Company
LA-1806,STRING TRIMMER 40V CORDLESS,-- Unbranded --,-- No Unilog Brand --,,EGO POWER PLUS
HV-1151,AIR FILTER 16X25X1 MERV 11,-- Unbranded --,-- No Unilog Brand --,,3M Company
HV-1606,AIR FILTER 16X20X1 MERV 11,-- Unbranded --,-- No Unilog Brand --,,3M Co.
HV-1372,THERMOSTAT WIFI 2STAGE,-- Unbranded --,-- No Unilog Brand --,,Honeywell
HV-1398,THERMOSTAT WIFI 2STAGE,-- Unbranded --,-- No Unilog Brand --,,Honeywell Inc
AU-1101,MOTOR OIL 5W-30 SYNTHETIC QT,-- Unbranded --,-- No Unilog Brand --,,3M CO
SA-1810,NITRILE GLOVE PF SM 100CT,-- Unbranded --,-- No Unilog Brand --,,ANSELL LTD.
FA-1594,WOOD SCREW 2IN PHILLIPS,-- Unbranded --,-- No Unilog Brand --,,Simpson Strong-Tie
LI-1280,LED BULB 9W DIMMABLE,-- Unbranded --,-- No Unilog Brand --,,Philips Lighting
HA-1552,CABINET HINGE 165DEG SOFT CLOSE,-- Unbranded --,-- No Unilog Brand --,,Simpson Strong Tie Co
AU-1387,BATTERY GROUP 24F 12V,-- Unbranded --,-- No Unilog Brand --,,3M Company
LI-1189,SHOP LIGHT LED 8FT LINKABLE,-- Unbranded --,-- No Unilog Brand --,,Philips Lighting
TO-1692,ANGLE GRINDER 7IN CORDED,-- Unbranded --,-- No Unilog Brand --,,Makita USA
SA-1602,NITRILE GLOVE PF MED 100CT,-- Unbranded --,-- No Unilog Brand --,,Honeywell
PL-1534,BRASS COMPRESSION FITTING 1/2IN,-- Unbranded --,-- No Unilog Brand --,,Grundfos Pumps
LA-1325,CORDLESS MOWER 56IN 56V,-- Unbranded --,-- No Unilog Brand --,,EGO POWER PLUS
EL-1691,GFCI OUTLET 20A TAMPER RESISTANT,-- Unbranded --,-- No Unilog Brand --,,Belden
HV-1580,AIR FILTER 16X20X1 MERV 11,-- Unbranded --,-- No Unilog Brand --,,3M CO
HA-1227,CABINET HINGE 110DEG SOFT CLOSE,-- Unbranded --,-- No Unilog Brand --,,Rubbermaid
SA-1446,SAFETY GLASSES CLEAR LENS ANSI Z87,-- Unbranded --,-- No Unilog Brand --,,Honeywell Intl
AD-1441,CONSTRUCTION ADHESIVE 10OZ TUBE,-- Unbranded --,-- No Unilog Brand --,,Henkel Corp
AU-1400,BATTERY GROUP 24F 12V,-- Unbranded --,-- No Unilog Brand --,,3M CO
LA-1507,STRING TRIMMER 56V CORDLESS,-- Unbranded --,-- No Unilog Brand --,,EGO Power+
HA-1318,CABINET HINGE 110DEG SOFT CLOSE,-- Unbranded --,-- No Unilog Brand --,,SIMPSON STRONG TIE CO.
EL-1756,ROMEX WIRE 12/2 250FT SPOOL,-- Unbranded --,-- No Unilog Brand --,,Southwire
AD-1129,CONSTRUCTION ADHESIVE 28OZ TUBE,-- Unbranded --,-- No Unilog Brand --,,Henkel Corp
LI-1501,SHOP LIGHT LED 4FT LINKABLE,-- Unbranded --,-- No Unilog Brand --,,Signify North America
LI-1007,SHOP LIGHT LED 8FT LINKABLE,-- Unbranded --,-- No Unilog Brand --,,Signify
EL-1028,GFCI OUTLET 15A TAMPER RESISTANT,-- Unbranded --,-- No Unilog Brand --,,KLEIN TOOLS INC.
AU-1283,MOTOR OIL 10W-30 SYNTHETIC QT,-- Unbranded --,-- No Unilog Brand --,,3M Company
JA-1661,TRASH CAN 44GAL COMMERCIAL,-- Unbranded --,-- No Unilog Brand --,,Rubbermaid Commercial
FA-1724,HEX BOLT GR8 ZN 3/8-16 X 1IN,-- Unbranded --,-- No Unilog Brand --,,SIMPSON STRONG TIE CO.
PL-1404,COPPER PIPE ELBOW 90DEG 3/4IN,-- Unbranded --,-- No Unilog Brand --,,EATON CORP.
HA-1214,DRAWER SLIDE 18IN FULL EXTENSION,-- Unbranded --,-- No Unilog Brand --,,Rubbermaid
SA-1199,NITRILE GLOVE PF SM 100CT,-- Unbranded --,-- No Unilog Brand --,,HONEYWELL INTL INC
LI-1813,SHOP LIGHT LED 4FT LINKABLE,-- Unbranded --,-- No Unilog Brand --,,PHILIPS LTG
LI-1475,LED BULB 12W DIMMABLE,-- Unbranded --,-- No Unilog Brand --,,PHILIPS LTG
AD-1025,CONSTRUCTION ADHESIVE 28OZ TUBE,-- Unbranded --,-- No Unilog Brand --,,3M Co.
TO-1341,ANGLE GRINDER 4-1/2IN CORDED,-- Unbranded --,-- No Unilog Brand --,,DeWALT Industrial Tool Co
AU-1829,BATTERY GROUP 24F 12V,-- Unbranded --,-- No Unilog Brand --,,3M Co.
AB-1148,SANDING DISC 220GRIT 5IN,-- Unbranded --,-- No Unilog Brand --,,Norton
HA-1357,DRAWER SLIDE 18IN FULL EXTENSION,-- Unbranded --,-- No Unilog Brand --,,Rubbermaid Commercial
HA-1409,DRAWER SLIDE 18IN FULL EXTENSION,-- Unbranded --,-- No Unilog Brand --,,SIMPSON STRONG TIE CO.
HV-1554,AIR FILTER 20X25X1 MERV 11,-- Unbranded --,-- No Unilog Brand --,,Honeywell International
AD-1402,EPOXY 8OZ TUBE 5MIN,-- Unbranded --,-- No Unilog Brand --,,Henkel
HA-1838,DRAWER SLIDE 18IN FULL EXTENSION,-- Unbranded --,-- No Unilog Brand --,,Rubbermaid
AD-1675,CONSTRUCTION ADHESIVE 10OZ TUBE,-- Unbranded --,-- No Unilog Brand --,,HENKEL CORP.
AB-1200,SANDING DISC 80GRIT 5IN,-- Unbranded --,-- No Unilog Brand --,,3-M Company
AB-1655,SANDING DISC 220GRIT 5IN,-- Unbranded --,-- No Unilog Brand --,,3M CO
LI-1332,LED BULB 9W DIMMABLE,-- Unbranded --,-- No Unilog Brand --,,Signify
SA-1381,NITRILE GLOVE PF SM 100CT,-- Unbranded --,-- No Unilog Brand --,,ANSELL LTD.
JA-1115,TRASH CAN 44GAL COMMERCIAL,-- Unbranded --,-- No Unilog Brand --,,Georgia Pacific
PL-1443,PVC BALL VALVE 1IN THREADED,-- Unbranded --,-- No Unilog Brand --,,Grundfos Pumps Corp
EL-1288,DECORA ROCKER SWITCH 20A WHITE,-- Unbranded --,-- No Unilog Brand --,,Southwire
EL-1379,ROMEX WIRE 12/2 100FT SPOOL,-- Unbranded --,-- No Unilog Brand --,,SOUTHWIRE CO
JA-1869,PAPER TOWEL ROLL 6CT CASE,-- Unbranded --,-- No Unilog Brand --,,RUBBERMAID COMM PRODUCTS
AU-1868,MOTOR OIL 5W-30 SYNTHETIC QT,-- Unbranded --,-- No Unilog Brand --,,Interstate Battery Sys
SA-1316,NITRILE GLOVE PF SM 100CT,-- Unbranded --,-- No Unilog Brand --,,Honeywell
PL-1053,PVC BALL VALVE 3/4IN THREADED,-- Unbranded --,-- No Unilog Brand --,,Eaton Corp
DD-1885,  sand ing disc 120grit 5 in ,-- Unbranded --,-- No Unilog Brand --,,NORTON ABRASIVES INC
PL-1417,PVC BALL VALVE 1IN THREADED,-- Unbranded --,-- No Unilog Brand --,,EATON CORP.
HV-1697,AIR FILTER 20X20X1 MERV 11,-- Unbranded --,-- No Unilog Brand --,,3M Co.
HV-1034,AIR FILTER 16X25X1 MERV 11,-- Unbranded --,-- No Unilog Brand --,,HONEYWELL INTL INC
PL-1209,PVC BALL VALVE 1IN THREADED,-- Unbranded --,-- No Unilog Brand --,,EATON CORP.
UNI-0004,RESISTOR 10KΩ 1/4W 5% TOLERANCE,,,,Electrical Supply Co
AD-1064,EPOXY 3OZ TUBE 5MIN,-- Unbranded --,-- No Unilog Brand --,,Henkel Corp
LI-1150,LED BULB 9W DIMMABLE,-- Unbranded --,-- No Unilog Brand --,,PHILIPS LTG
AU-1257,BATTERY GROUP 24F 12V,-- Unbranded --,-- No Unilog Brand --,,Interstate Battery Sys
HV-1294,THERMOSTAT WIFI 1STAGE,-- Unbranded --,-- No Unilog Brand --,,3M CO
AD-1779,EPOXY 8OZ TUBE 5MIN,-- Unbranded --,-- No Unilog Brand --,,3M Co.
PL-1274,PVC BALL VALVE 3/4IN THREADED,-- Unbranded --,-- No Unilog Brand --,,Grundfos
LI-1787,LED BULB 9W DIMMABLE,-- Unbranded --,-- No Unilog Brand --,,Signify North America
HA-1058,DRAWER SLIDE 22IN FULL EXTENSION,-- Unbranded --,-- No Unilog Brand --,,Simpson Strong-Tie
TO-1055,CORDLESS DRILL DRIVER 12V KIT,-- Unbranded --,-- No Unilog Brand --,,Milwaukee Tool
HA-1149,CABINET HINGE 165DEG SOFT CLOSE,-- Unbranded --,-- No Unilog Brand --,,Simpson Strong Tie Co
PL-1391,BRASS COMPRESSION FITTING 1/2IN,-- Unbranded --,-- No Unilog Brand --,,GRUNDFOS PUMPS CORP.
LA-1026,CORDLESS MOWER 56IN 56V,-- Unbranded --,-- No Unilog Brand --,,EGO
AB-1681,CUT-OFF WHEEL 6IN METAL,-- Unbranded --,-- No Unilog Brand --,,3M CO
SA-1862,SAFETY GLASSES CLEAR LENS ANSI Z87,-- Unbranded --,-- No Unilog Brand --,,Honeywell Inc
SA-1433,SAFETY GLASSES CLEAR LENS ANTI-FOG,-- Unbranded --,-- No Unilog Brand --,,Ansell
LI-1293,SHOP LIGHT LED 8FT LINKABLE,-- Unbranded --,-- No Unilog Brand --,,Philips
AD-1428,CONSTRUCTION ADHESIVE 10OZ TUBE,-- Unbranded --,-- No Unilog Brand --,,3M CO
JA-1492,PAPER TOWEL ROLL 12CT CASE,-- Unbranded --,-- No Unilog Brand --,,Rubbermaid Commercial
AU-1361,MOTOR OIL 5W-30 SYNTHETIC QT,-- Unbranded --,-- No Unilog Brand --,,3M
JA-1739,PAPER TOWEL ROLL 6CT CASE,-- Unbranded --,-- No Unilog Brand --,,GEORGIA-PACIFIC LLC
HA-1331,CABINET HINGE 165DEG SOFT CLOSE,-- Unbranded --,-- No Unilog Brand --,,Simpson
DD-1882,CUT-OFF WHEEL 6IN METAL,-- Unbranded --,-- No Unilog Brand --,,3M
PL-1183,BRASS COMPRESSION FITTING 3/8IN,-- Unbranded --,-- No Unilog Brand --,,Eaton Corporation
HV-1710,AIR FILTER 16X25X1 MERV 11,-- Unbranded --,-- No Unilog Brand --,,3M
TO-1354,ANGLE GRINDER 7IN CORDED,-- Unbranded --,-- No Unilog Brand --,,Milwaukee Electric Tool Corp
TO-1744,IMPACT WRENCH 3/4IN DRIVE,-- Unbranded --,-- No Unilog Brand --,,DEWALT Industrial
UNI-0005,Café-Style Outdoor Bistro Chair Bracket Kit,,,,Patio Supply Co
JA-1206,PAPER TOWEL ROLL 12CT CASE,-- Unbranded --,-- No Unilog Brand --,,Georgia-Pacific
EL-1223,ROMEX WIRE 12/2 100FT SPOOL,-- Unbranded --,-- No Unilog Brand --,,SOUTHWIRE CO
HV-1684,AIR FILTER 20X20X1 MERV 11,-- Unbranded --,-- No Unilog Brand --,,3M Company
HV-1307,THERMOSTAT WIFI 2STAGE,-- Unbranded --,-- No Unilog Brand --,,3M
AB-1525,CUT-OFF WHEEL 4-1/2IN METAL,-- Unbranded --,-- No Unilog Brand --,,3M CO
AB-1629,CUT-OFF WHEEL 4-1/2IN METAL,-- Unbranded --,-- No Unilog Brand --,,Norton Abrasives
LI-1735,SHOP LIGHT LED 8FT LINKABLE,-- Unbranded --,-- No Unilog Brand --,,Signify
LI-1137,SHOP LIGHT LED 4FT LINKABLE,-- Unbranded --,-- No Unilog Brand --,,Philips Lighting
AU-1608,BATTERY GROUP 24F 12V,-- Unbranded --,-- No Unilog Brand --,,Interstate Battery Sys
TO-1302,IMPACT WRENCH 1/2IN DRIVE,-- Unbranded --,-- No Unilog Brand --,,DEWALT IND TOOL CO
PL-1352,PVC BALL VALVE 3/4IN THREADED,-- Unbranded --,-- No Unilog Brand --,,Eaton Corporation
AB-1408,SANDING DISC 220GRIT 5IN,-- Unbranded --,-- No Unilog Brand --,,3M Company
LNG-0001,Extra Heavy Duty Industrial Grade Commercial Kitchen Stainless Steel Wall Mount Adjustable Shelving Unit Bracket System with Reinforced Corner Gussets 18in x 24in x 12in Rated for 500lb Static Load NSF Certified Easy Install,,,,Grainger Industrial Supply
FA-1672,HEX BOLT GR8 ZN 3/8-16 X 1IN,-- Unbranded --,-- No Unilog Brand --,,Simpson Strong Tie Co
UNK-8001,MISC HDW ASSTD,,,,
SA-1394,SAFETY GLASSES CLEAR LENS ANSI Z87,-- Unbranded --,-- No Unilog Brand --,,Ansell Ltd
TO-1575,IMPACT WRENCH 3/4IN DRIVE,-- Unbranded --,-- No Unilog Brand --,,DEWALT
DD-1891,TRASH CAN 44GAL COMMERCIAL,-- Unbranded --,-- No Unilog Brand --,,Rubbermaid
LI-1397,LED BULB 12W DIMMABLE,-- Unbranded --,-- No Unilog Brand --,,Philips Lighting
PL-1716,BRASS COMPRESSION FITTING 1/2IN,-- Unbranded --,-- No Unilog Brand --,,EATON CORP.
EL-1132,ROMEX WIRE 12/2 250FT SPOOL,-- Unbranded --,-- No Unilog Brand --,,Klein Tools
FA-1178,WOOD SCREW 1-1/4IN PHILLIPS,-- Unbranded --,-- No Unilog Brand --,,Simpson
LA-1182,CORDLESS MOWER 56IN 56V,-- Unbranded --,-- No Unilog Brand --,,EGO POWER PLUS
FA-1802,HEX BOLT GR8 ZN 3/8-16 X 1IN,-- Unbranded --,-- No Unilog Brand --,,SIMPSON STRONG TIE CO.
DD-1888,STRING TRIMMER 56V CORDLESS,-- Unbranded --,-- No Unilog Brand --,,EGO POWER PLUS
AU-1673,BATTERY GROUP 65 12V,-- Unbranded --,-- No Unilog Brand --,,3-M Company
HV-1567,THERMOSTAT WIFI 1STAGE,-- Unbranded --,-- No Unilog Brand --,,HONEYWELL INTL INC
HV-1827,THERMOSTAT WIFI 1STAGE,-- Unbranded --,-- No Unilog Brand --,,3M
DD-1889,  cut-off wheel 4-1/2 in metal ,-- Unbranded --,-- No Unilog Brand --,,3M
DD-1887,  safety glasses clear lens ansi z87 ,-- Unbranded --,-- No Unilog Brand --,,Honeywell
LA-1728,STRING TRIMMER 40V CORDLESS,-- Unbranded --,-- No Unilog Brand --,,EGO POWER PLUS
HV-1866,THERMOSTAT WIFI 2STAGE,-- Unbranded --,-- No Unilog Brand --,,Honeywell Inc
TO-1848,CORDLESS DRILL DRIVER 12V KIT,-- Unbranded --,-- No Unilog Brand --,,MILWAUKEE ELEC TOOL
AD-1584,EPOXY 3OZ TUBE 5MIN,-- Unbranded --,-- No Unilog Brand --,,3M Company
LI-1462,SHOP LIGHT LED 4FT LINKABLE,-- Unbranded --,-- No Unilog Brand --,,SIGNIFY N.A.
EL-1821,ROMEX WIRE 12/2 500FT SPOOL,-- Unbranded --,-- No Unilog Brand --,,BELDEN INC.
PL-1768,PVC BALL VALVE 3/4IN THREADED,-- Unbranded --,-- No Unilog Brand --,,Grundfos Pumps
FA-1425,WOOD SCREW 2IN PHILLIPS,-- Unbranded --,-- No Unilog Brand --,,Simpson Strong Tie Co
JA-1830,TRASH CAN 44GAL COMMERCIAL,-- Unbranded --,-- No Unilog Brand --,,Rubbermaid
EL-1808,DECORA ROCKER SWITCH 20A WHITE,-- Unbranded --,-- No Unilog Brand --,,Southwire Co.
DD-1889,CUT-OFF WHEEL 4-1/2IN METAL,-- Unbranded --,-- No Unilog Brand --,,3M
PL-1469,COPPER PIPE ELBOW 90DEG 3/4IN,-- Unbranded --,-- No Unilog Brand --,,GRUNDFOS PUMPS CORP.
LA-1221,STRING TRIMMER 56V CORDLESS,-- Unbranded --,-- No Unilog Brand --,,EGO Power+
LA-1403,STRING TRIMMER 40V CORDLESS,-- Unbranded --,-- No Unilog Brand --,,EGO Power+
LI-1124,LED BULB 15W DIMMABLE,-- Unbranded --,-- No Unilog Brand --,,Philips Lighting
TO-1861,CORDLESS DRILL DRIVER 12V KIT,-- Unbranded --,-- No Unilog Brand --,,Milwaukee Tool
HA-1201,CABINET HINGE 165DEG SOFT CLOSE,-- Unbranded --,-- No Unilog Brand --,,SIMPSON STRONG TIE CO.
PL-1261,BRASS COMPRESSION FITTING 1/4IN,-- Unbranded --,-- No Unilog Brand --,,GRUNDFOS PUMPS CORP.
HA-1110,CABINET HINGE 110DEG SOFT CLOSE,-- Unbranded --,-- No Unilog Brand --,,Simpson
PL-1781,COPPER PIPE ELBOW 90DEG 1/2IN,-- Unbranded --,-- No Unilog Brand --,,Eaton Corporation
PL-1144,PVC BALL VALVE 3/4IN THREADED,-- Unbranded --,-- No Unilog Brand --,,GRUNDFOS PUMPS CORP.
JA-1505,PAPER TOWEL ROLL 12CT CASE,-- Unbranded --,-- No Unilog Brand --,,Rubbermaid
EL-1860,DECORA ROCKER SWITCH 15A WHITE,-- Unbranded --,-- No Unilog Brand --,,Southwire
TO-1796,CORDLESS DRILL DRIVER 12V KIT,-- Unbranded --,-- No Unilog Brand --,,DEWALT Industrial
JA-1791,TRASH CAN 44GAL COMMERCIAL,-- Unbranded --,-- No Unilog Brand --,,GEORGIA-PACIFIC LLC
DD-1892,CORDLESS DRILL DRIVER 12V KIT,-- Unbranded --,-- No Unilog Brand --,,MILWAUKEE ELEC TOOL
EL-1535,DECORA ROCKER SWITCH 15A WHITE,-- Unbranded --,-- No Unilog Brand --,,Leviton
PL-1820,PVC BALL VALVE 1IN THREADED,-- Unbranded --,-- No Unilog Brand --,,Grundfos Pumps
LA-1299,CORDLESS MOWER 56IN 56V,-- Unbranded --,-- No Unilog Brand --,,EGO POWER PLUS
LA-1364,STRING TRIMMER 56V CORDLESS,-- Unbranded --,-- No Unilog Brand --,,EGO Power+
HA-1617,CABINET HINGE 165DEG SOFT CLOSE,-- Unbranded --,-- No Unilog Brand --,,Simpson
TO-1770,CORDLESS DRILL DRIVER 12V KIT,-- Unbranded --,-- No Unilog Brand --,,DEWALT Industrial
LI-1228,SHOP LIGHT LED 4FT LINKABLE,-- Unbranded --,-- No Unilog Brand --,,SIGNIFY N.A.
FA-1100,HEX BOLT GR8 ZN 1/2-16 X 1IN,-- Unbranded --,-- No Unilog Brand --,,SIMPSON STRONG TIE CO.
LI-1722,LED BULB 12W DIMMABLE,-- Unbranded --,-- No Unilog Brand --,,SIGNIFY N.A.
FA-1464,WOOD SCREW 3IN PHILLIPS,-- Unbranded --,-- No Unilog Brand --,,Simpson Strong-Tie
AB-1616,CUT-OFF WHEEL 4-1/2IN METAL,-- Unbranded --,-- No Unilog Brand --,,3M Company
SA-1485,HARD HAT TYPE 1 CLASS E,-- Unbranded --,-- No Unilog Brand --,,Honeywell
EL-1574,GFCI OUTLET 20A TAMPER RESISTANT,-- Unbranded --,-- No Unilog Brand --,,Belden
EL-1340,GFCI OUTLET 15A TAMPER RESISTANT,-- Unbranded --,-- No Unilog Brand --,,Belden Inc
JA-1466,TRASH CAN 44GAL COMMERCIAL,-- Unbranded --,-- No Unilog Brand --,,RUBBERMAID COMM PRODUCTS
JA-1648,TRASH CAN 44GAL COMMERCIAL,-- Unbranded --,-- No Unilog Brand --,,RUBBERMAID COMM PRODUCTS
PL-1664,COPPER PIPE ELBOW 90DEG 3/4IN,-- Unbranded --,-- No Unilog Brand --,,GRUNDFOS PUMPS CORP.
FA-1373,HEX BOLT GR8 ZN 1/2-16 X 1IN,-- Unbranded --,-- No Unilog Brand --,,Simpson Strong-Tie
AD-1350,EPOXY 8OZ TUBE 5MIN,-- Unbranded --,-- No Unilog Brand --,,HENKEL CORP.
JA-1817,TRASH CAN 32GAL COMMERCIAL,-- Unbranded --,-- No Unilog Brand --,,GP
SA-1212,NITRILE GLOVE PF SM 100CT,-- Unbranded --,-- No Unilog Brand --,,Ansell Ltd
SA-1576,NITRILE GLOVE PF MED 100CT,-- Unbranded --,-- No Unilog Brand --,,Ansell Ltd
PL-1521,PVC BALL VALVE 1-1/4IN THREADED,-- Unbranded --,-- No Unilog Brand --,,Eaton
LA-1312,CORDLESS MOWER 21IN 56V,-- Unbranded --,-- No Unilog Brand --,,EGO
HV-1619,AIR FILTER 16X20X1 MERV 11,-- Unbranded --,-- No Unilog Brand --,,Honeywell
TO-1094,ANGLE GRINDER 5IN CORDED,-- Unbranded --,-- No Unilog Brand --,,Milwaukee Tool
PL-1001,COPPER PIPE ELBOW 90DEG 1/2IN,-- Unbranded --,-- No Unilog Brand --,,Grundfos Pumps Corp
SA-1563,HARD HAT TYPE 2 CLASS E,-- Unbranded --,-- No Unilog Brand --,,Honeywell International
AD-1571,EPOXY 3OZ TUBE 5MIN,-- Unbranded --,-- No Unilog Brand --,,3M Company
JA-1037,PAPER TOWEL ROLL 6CT CASE,-- Unbranded --,-- No Unilog Brand --,,GP
LI-1423,LED BULB 9W DIMMABLE,-- Unbranded --,-- No Unilog Brand --,,Signify
LA-1858,CORDLESS MOWER 21IN 56V,-- Unbranded --,-- No Unilog Brand --,,EGO POWER PLUS
DD-1883,MOTOR OIL 10W-30 SYNTHETIC QT,-- Unbranded --,-- No Unilog Brand --,,INTERSTATE BATTERY SYSTEM
DD-1888,  str ing trimmer 56v cordless ,-- Unbranded --,-- No Unilog Brand --,,EGO POWER PLUS
AB-1837,CUT-OFF WHEEL 4-1/2IN METAL,-- Unbranded --,-- No Unilog Brand --,,3M
AB-1122,SANDING DISC 220GRIT 5IN,-- Unbranded --,-- No Unilog Brand --,,3-M Company
AD-1324,EPOXY 8OZ TUBE 5MIN,-- Unbranded --,-- No Unilog Brand --,,HENKEL CORP.
TO-1458,CORDLESS DRILL DRIVER 20V KIT,-- Unbranded --,-- No Unilog Brand --,,Makita USA
SA-1511,NITRILE GLOVE PF XL 100CT,-- Unbranded --,-- No Unilog Brand --,,Honeywell Intl
BAIT-0008,DACOR DECORATIVE TRIM MOLDING 8FT,,,,Builders Supply Co
SA-1459,SAFETY GLASSES CLEAR LENS ANTI-FOG,-- Unbranded --,-- No Unilog Brand --,,ANSELL LTD.
EL-1587,ROMEX WIRE 12/2 100FT SPOOL,-- Unbranded --,-- No Unilog Brand --,,Southwire Co.
SA-1823,NITRILE GLOVE PF XL 100CT,-- Unbranded --,-- No Unilog Brand --,,Honeywell International
TO-1471,IMPACT WRENCH 3/4IN DRIVE,-- Unbranded --,-- No Unilog Brand --,,DEWALT IND TOOL CO
TO-1081,IMPACT WRENCH 3/4IN DRIVE,-- Unbranded --,-- No Unilog Brand --,,DEWALT IND TOOL CO
SA-1771,HARD HAT TYPE 2 CLASS E,-- Unbranded --,-- No Unilog Brand --,,Ansell Limited
AU-1413,BATTERY GROUP 35 12V,-- Unbranded --,-- No Unilog Brand --,,Interstate Battery Sys
JA-1388,TRASH CAN 32GAL COMMERCIAL,-- Unbranded --,-- No Unilog Brand --,,Rubbermaid
AB-1564,SANDING DISC 120GRIT 5IN,-- Unbranded --,-- No Unilog Brand --,,Norton
HV-1229,AIR FILTER 16X25X1 MERV 11,-- Unbranded --,-- No Unilog Brand --,,3M Company
LA-1520,CORDLESS MOWER 56IN 56V,-- Unbranded --,-- No Unilog Brand --,,EGO POWER PLUS
LI-1748,SHOP LIGHT LED 4FT LINKABLE,-- Unbranded --,-- No Unilog Brand --,,Signify
AD-1285,CONSTRUCTION ADHESIVE 28OZ TUBE,-- Unbranded --,-- No Unilog Brand --,,Henkel Corporation
AB-1772,CUT-OFF WHEEL 4-1/2IN METAL,-- Unbranded --,-- No Unilog Brand --,,Norton
LA-1247,CORDLESS MOWER 56IN 56V,-- Unbranded --,-- No Unilog Brand --,,EGO
SA-1329,NITRILE GLOVE PF XL 100CT,-- Unbranded --,-- No Unilog Brand --,,Ansell Ltd
AU-1504,BATTERY GROUP 65 12V,-- Unbranded --,-- No Unilog Brand --,,Interstate Battery Sys
AB-1759,CUT-OFF WHEEL 6IN METAL,-- Unbranded --,-- No Unilog Brand --,,3M
PL-1170,PVC BALL VALVE 3/4IN THREADED,-- Unbranded --,-- No Unilog Brand --,,Grundfos Pumps
PL-1508,COPPER PIPE ELBOW 90DEG 1IN,-- Unbranded --,-- No Unilog Brand --,,Grundfos Pumps Corp
LA-1481,CORDLESS MOWER 56IN 56V,-- Unbranded --,-- No Unilog Brand --,,EGO Power+
JA-1518,TRASH CAN 32GAL COMMERCIAL,-- Unbranded --,-- No Unilog Brand --,,GEORGIA-PACIFIC LLC
AB-1161,CUT-OFF WHEEL 6IN METAL,-- Unbranded --,-- No Unilog Brand --,,NORTON ABRASIVES INC
FA-1659,HEX BOLT GR8 ZN 1/2-16 X 1IN,-- Unbranded --,-- No Unilog Brand --,,Simpson Strong-Tie
AD-1012,EPOXY 8OZ TUBE 5MIN,-- Unbranded --,-- No Unilog Brand --,,Henkel
SA-1056,NITRILE GLOVE PF SM 100CT,-- Unbranded --,-- No Unilog Brand --,,Ansell Ltd
SA-1628,NITRILE GLOVE PF SM 100CT,-- Unbranded --,-- No Unilog Brand --,,Honeywell Inc
LA-1572,CORDLESS MOWER 56IN 56V,-- Unbranded --,-- No Unilog Brand --,,EGO
HV-1762,AIR FILTER 20X20X1 MERV 11,-- Unbranded --,-- No Unilog Brand --,,Honeywell Inc
EL-1717,ROMEX WIRE 12/2 500FT SPOOL,-- Unbranded --,-- No Unilog Brand --,,Klein
LI-1657,SHOP LIGHT LED 8FT LINKABLE,-- Unbranded --,-- No Unilog Brand --,,Signify
SA-1355,NITRILE GLOVE PF SM 100CT,-- Unbranded --,-- No Unilog Brand --,,HONEYWELL INTL INC
LA-1494,CORDLESS MOWER 56IN 56V,-- Unbranded --,-- No Unilog Brand --,,EGO
DD-1886,SANDING DISC 220GRIT 5IN,-- Unbranded --,-- No Unilog Brand --,,3M
EL-1444,GFCI OUTLET 20A TAMPER RESISTANT,-- Unbranded --,-- No Unilog Brand --,,Belden Inc
AU-1738,MOTOR OIL 10W-30 SYNTHETIC QT,-- Unbranded --,-- No Unilog Brand --,,Interstate
AU-1634,MOTOR OIL 10W-30 SYNTHETIC QT,-- Unbranded --,-- No Unilog Brand --,,3M Company
AB-1785,SANDING DISC 80GRIT 5IN,-- Unbranded --,-- No Unilog Brand --,,3M
AD-1532,CONSTRUCTION ADHESIVE 28OZ TUBE,-- Unbranded --,-- No Unilog Brand --,,Henkel
FA-1347,HEX BOLT GR8 ZN 1/2-16 X 1IN,-- Unbranded --,-- No Unilog Brand --,,Simpson Strong-Tie
AU-1855,BATTERY GROUP 65 12V,-- Unbranded --,-- No Unilog Brand --,,3-M Company
LI-1579,LED BULB 15W DIMMABLE,-- Unbranded --,-- No Unilog Brand --,,Signify North America
UNI-0001,Ø20MM STAINLESS STEEL ROD 1M — PREMIUM GRADE™,,,,Global Fasteners Ltd
AB-1538,SANDING DISC 220GRIT 5IN,-- Unbranded --,-- No Unilog Brand --,,Norton Abrasives
LA-1013,STRING TRIMMER 40V CORDLESS,-- Unbranded --,-- No Unilog Brand --,,EGO
AU-1322,MOTOR OIL 5W-30 SYNTHETIC QT,-- Unbranded --,-- No Unilog Brand --,,3-M Company
HV-1671,AIR FILTER 20X25X1 MERV 11,-- Unbranded --,-- No Unilog Brand --,,HONEYWELL INTL INC
HV-1268,THERMOSTAT WIFI 1STAGE,-- Unbranded --,-- No Unilog Brand --,,3M
LA-1065,CORDLESS MOWER 21IN 56V,-- Unbranded --,-- No Unilog Brand --,,EGO Power+
FA-1048,HEX BOLT GR8 ZN 1/2-16 X 1IN,-- Unbranded --,-- No Unilog Brand --,,SIMPSON STRONG TIE CO.
AU-1452,MOTOR OIL 5W-30 SYNTHETIC QT,-- Unbranded --,-- No Unilog Brand --,,3-M Company
HA-1422,DRAWER SLIDE 24IN FULL EXTENSION,-- Unbranded --,-- No Unilog Brand --,,Simpson
DD-1885,SANDING DISC 120GRIT 5IN,-- Unbranded --,-- No Unilog Brand --,,NORTON ABRASIVES INC
HA-1500,DRAWER SLIDE 24IN FULL EXTENSION,-- Unbranded --,-- No Unilog Brand --,,RUBBERMAID COMM PRODUCTS
FA-1867,HEX BOLT GR8 ZN 1/2-16 X 1IN,-- Unbranded --,-- No Unilog Brand --,,SIMPSON STRONG TIE CO.
SA-1134,SAFETY GLASSES CLEAR LENS ANSI Z87,-- Unbranded --,-- No Unilog Brand --,,Honeywell Inc
SA-1030,HARD HAT TYPE 1 CLASS E,-- Unbranded --,-- No Unilog Brand --,,Ansell
TO-1627,CORDLESS DRILL DRIVER 20V KIT,-- Unbranded --,-- No Unilog Brand --,,Makita
AB-1863,CUT-OFF WHEEL 6IN METAL,-- Unbranded --,-- No Unilog Brand --,,NORTON ABRASIVES INC
AD-1389,CONSTRUCTION ADHESIVE 10OZ TUBE,-- Unbranded --,-- No Unilog Brand --,,Henkel
EL-1626,ROMEX WIRE 12/2 500FT SPOOL,-- Unbranded --,-- No Unilog Brand --,,Leviton
SA-1186,NITRILE GLOVE PF MED 100CT,-- Unbranded --,-- No Unilog Brand --,,Honeywell Intl
LI-1878,SHOP LIGHT LED 8FT LINKABLE,-- Unbranded --,-- No Unilog Brand --,,PHILIPS LTG
HA-1695,DRAWER SLIDE 22IN FULL EXTENSION,-- Unbranded --,-- No Unilog Brand --,,Simpson Strong-Tie
JA-1583,TRASH CAN 44GAL COMMERCIAL,-- Unbranded --,-- No Unilog Brand --,,GP
PL-1495,BRASS COMPRESSION FITTING 3/8IN,-- Unbranded --,-- No Unilog Brand --,,Grundfos Pumps Corp
LI-1605,LED BULB 12W DIMMABLE,-- Unbranded --,-- No Unilog Brand --,,Philips
AB-1824,SANDING DISC 120GRIT 5IN,-- Unbranded --,-- No Unilog Brand --,,Norton
TO-1107,IMPACT WRENCH 1/2IN DRIVE,-- Unbranded --,-- No Unilog Brand --,,Milwaukee Electric Tool Corp
HV-1164,THERMOSTAT WIFI 2STAGE,-- Unbranded --,-- No Unilog Brand --,,Honeywell Intl
FA-1061,WOOD SCREW 1-1/4IN PHILLIPS,-- Unbranded --,-- No Unilog Brand --,,Simpson
HA-1136,DRAWER SLIDE 22IN FULL EXTENSION,-- Unbranded --,-- No Unilog Brand --,,Simpson Strong Tie Co
AD-1116,EPOXY 3OZ TUBE 5MIN,-- Unbranded --,-- No Unilog Brand --,,3M Co.
EL-1171,GFCI OUTLET 20A TAMPER RESISTANT,-- Unbranded --,-- No Unilog Brand --,,BELDEN INC.
EL-1665,GFCI OUTLET 20A TAMPER RESISTANT,-- Unbranded --,-- No Unilog Brand --,,Leviton
TO-1432,CORDLESS DRILL DRIVER 18V KIT,-- Unbranded --,-- No Unilog Brand --,,Makita USA
FA-1490,WOOD SCREW 1-1/4IN PHILLIPS,-- Unbranded --,-- No Unilog Brand --,,Simpson Strong Tie Co
LI-1826,LED BULB 9W DIMMABLE,-- Unbranded --,-- No Unilog Brand --,,Signify
AB-1395,SANDING DISC 120GRIT 5IN,-- Unbranded --,-- No Unilog Brand --,,3-M Company
HA-1279,CABINET HINGE 110DEG SOFT CLOSE,-- Unbranded --,-- No Unilog Brand --,,Simpson Strong Tie Co
HA-1851,CABINET HINGE 165DEG SOFT CLOSE,-- Unbranded --,-- No Unilog Brand --,,Rubbermaid
LI-1410,LED BULB 9W DIMMABLE,-- Unbranded --,-- No Unilog Brand --,,Signify
HV-1411,THERMOSTAT WIFI 2STAGE,-- Unbranded --,-- No Unilog Brand --,,3-M Company
AD-1792,EPOXY 3OZ TUBE 5MIN,-- Unbranded --,-- No Unilog Brand --,,Henkel Corp
HA-1188,DRAWER SLIDE 18IN FULL EXTENSION,-- Unbranded --,-- No Unilog Brand --,,SIMPSON STRONG TIE CO.
LI-1865,SHOP LIGHT LED 4FT LINKABLE,-- Unbranded --,-- No Unilog Brand --,,PHILIPS LTG
AB-1382,CUT-OFF WHEEL 4-1/2IN METAL,-- Unbranded --,-- No Unilog Brand --,,Norton
AB-1096,CUT-OFF WHEEL 4-1/2IN METAL,-- Unbranded --,-- No Unilog Brand --,,Norton
EL-1275,ROMEX WIRE 12/2 100FT SPOOL,-- Unbranded --,-- No Unilog Brand --,,Southwire Co.
LA-1637,STRING TRIMMER 40V CORDLESS,-- Unbranded --,-- No Unilog Brand --,,EGO
LI-1449,SHOP LIGHT LED 4FT LINKABLE,-- Unbranded --,-- No Unilog Brand --,,Signify North America
UNK-8005,ITEM DESC PENDING REVIEW,,,,
AD-1337,CONSTRUCTION ADHESIVE 28OZ TUBE,-- Unbranded --,-- No Unilog Brand --,,HENKEL CORP.
HA-1175,DRAWER SLIDE 18IN FULL EXTENSION,-- Unbranded --,-- No Unilog Brand --,,RUBBERMAID COMM PRODUCTS
LA-1663,STRING TRIMMER 40V CORDLESS,-- Unbranded --,-- No Unilog Brand --,,EGO
SA-1680,SAFETY GLASSES CLEAR LENS ANTI-FOG,-- Unbranded --,-- No Unilog Brand --,,Ansell Limited
AD-1142,EPOXY 3OZ TUBE 5MIN,-- Unbranded --,-- No Unilog Brand --,,Henkel Corporation
AB-1811,CUT-OFF WHEEL 6IN METAL,-- Unbranded --,-- No Unilog Brand --,,Norton
HA-1877,CABINET HINGE 110DEG SOFT CLOSE,-- Unbranded --,-- No Unilog Brand --,,Rubbermaid Commercial
LI-1098,LED BULB 15W DIMMABLE,-- Unbranded --,-- No Unilog Brand --,,Philips
HA-1825,DRAWER SLIDE 22IN FULL EXTENSION,-- Unbranded --,-- No Unilog Brand --,,Rubbermaid
HV-1437,AIR FILTER 16X20X1 MERV 11,-- Unbranded --,-- No Unilog Brand --,,HONEYWELL INTL INC
FA-1321,HEX BOLT GR8 ZN 3/8-16 X 1IN,-- Unbranded --,-- No Unilog Brand --,,SIMPSON STRONG TIE CO.
AB-1694,CUT-OFF WHEEL 4-1/2IN METAL,-- Unbranded --,-- No Unilog Brand --,,Norton Abrasives
AB-1369,SANDING DISC 220GRIT 5IN,-- Unbranded --,-- No Unilog Brand --,,Norton
SA-1875,HARD HAT TYPE 2 CLASS E,-- Unbranded --,-- No Unilog Brand --,,Ansell Limited
JA-1778,TRASH CAN 44GAL COMMERCIAL,-- Unbranded --,-- No Unilog Brand --,,Rubbermaid
AU-1179,BATTERY GROUP 24F 12V,-- Unbranded --,-- No Unilog Brand --,,INTERSTATE BATTERY SYSTEM
AD-1103,EPOXY 8OZ TUBE 5MIN,-- Unbranded --,-- No Unilog Brand --,,3M CO
LA-1052,STRING TRIMMER 56V CORDLESS,-- Unbranded --,-- No Unilog Brand --,,EGO
HV-1476,AIR FILTER 16X20X1 MERV 11,-- Unbranded --,-- No Unilog Brand --,,3M CO
JA-1271,TRASH CAN 32GAL COMMERCIAL,-- Unbranded --,-- No Unilog Brand --,,Rubbermaid
AB-1304,CUT-OFF WHEEL 4-1/2IN METAL,-- Unbranded --,-- No Unilog Brand --,,3-M Company
LA-1468,STRING TRIMMER 56V CORDLESS,-- Unbranded --,-- No Unilog Brand --,,EGO Power+
TO-1237,ANGLE GRINDER 4-1/2IN CORDED,-- Unbranded --,-- No Unilog Brand --,,DEWALT IND TOOL CO
AU-1660,BATTERY GROUP 65 12V,-- Unbranded --,-- No Unilog Brand --,,3M CO
TO-1263,IMPACT WRENCH 3/4IN DRIVE,-- Unbranded --,-- No Unilog Brand --,,Makita
PL-1807,COPPER PIPE ELBOW 90DEG 1IN,-- Unbranded --,-- No Unilog Brand --,,EATON CORP.
SA-1758,NITRILE GLOVE PF SM 100CT,-- Unbranded --,-- No Unilog Brand --,,ANSELL LTD.
LA-1741,STRING TRIMMER 40V CORDLESS,-- Unbranded --,-- No Unilog Brand --,,EGO
AD-1077,CONSTRUCTION ADHESIVE 28OZ TUBE,-- Unbranded --,-- No Unilog Brand --,,Henkel
SA-1797,NITRILE GLOVE PF LG 100CT,-- Unbranded --,-- No Unilog Brand --,,Ansell
EL-1093,DECORA ROCKER SWITCH 15A WHITE,-- Unbranded --,-- No Unilog Brand --,,Leviton Mfg
AU-1153,BATTERY GROUP 24F 12V,-- Unbranded --,-- No Unilog Brand --,,3M Company
AD-1506,EPOXY 8OZ TUBE 5MIN,-- Unbranded --,-- No Unilog Brand --,,3M Co.
AU-1686,BATTERY GROUP 35 12V,-- Unbranded --,-- No Unilog Brand --,,Interstate
TO-1588,IMPACT WRENCH 3/4IN DRIVE,-- Unbranded --,-- No Unilog Brand --,,DeWALT Industrial Tool Co
AU-1114,BATTERY GROUP 65 12V,-- Unbranded --,-- No Unilog Brand --,,INTERSTATE BATTERY SYSTEM
PL-1092,PVC BALL VALVE 1-1/4IN THREADED,-- Unbranded --,-- No Unilog Brand --,,Eaton Corporation
AD-1688,EPOXY 8OZ TUBE 5MIN,-- Unbranded --,-- No Unilog Brand --,,3M
PL-1014,COPPER PIPE ELBOW 90DEG 1/2IN,-- Unbranded --,-- No Unilog Brand --,,Eaton
TO-1003,IMPACT WRENCH 1/2IN DRIVE,-- Unbranded --,-- No Unilog Brand --,,MAKITA U.S.A. INC.
LI-1241,SHOP LIGHT LED 8FT LINKABLE,-- Unbranded --,-- No Unilog Brand --,,Philips
PL-1339,BRASS COMPRESSION FITTING 3/8IN,-- Unbranded --,-- No Unilog Brand --,,Grundfos Pumps Corp
AD-1493,EPOXY 3OZ TUBE 5MIN,-- Unbranded --,-- No Unilog Brand --,,Henkel Corporation
TO-1705,CORDLESS DRILL DRIVER 20V KIT,-- Unbranded --,-- No Unilog Brand --,,MAKITA U.S.A. INC.
AB-1213,CUT-OFF WHEEL 4-1/2IN METAL,-- Unbranded --,-- No Unilog Brand --,,3M
EL-1509,GFCI OUTLET 20A TAMPER RESISTANT,-- Unbranded --,-- No Unilog Brand --,,Southwire
TO-1562,IMPACT WRENCH 1/2IN DRIVE,-- Unbranded --,-- No Unilog Brand --,,DeWALT Industrial Tool Co
EL-1041,GFCI OUTLET 20A TAMPER RESISTANT,-- Unbranded --,-- No Unilog Brand --,,Klein Tools Inc
FA-1165,WOOD SCREW 1-1/4IN PHILLIPS,-- Unbranded --,-- No Unilog Brand --,,Simpson Strong-Tie
SA-1303,NITRILE GLOVE PF SM 100CT,-- Unbranded --,-- No Unilog Brand --,,HONEYWELL INTL INC
SA-1420,NITRILE GLOVE PF XL 100CT,-- Unbranded --,-- No Unilog Brand --,,Ansell
HA-1721,CABINET HINGE 110DEG SOFT CLOSE,-- Unbranded --,-- No Unilog Brand --,,Simpson Strong-Tie
TO-1367,CORDLESS DRILL DRIVER 20V KIT,-- Unbranded --,-- No Unilog Brand --,,DeWALT Industrial Tool Co
AD-1207,CONSTRUCTION ADHESIVE 28OZ TUBE,-- Unbranded --,-- No Unilog Brand --,,HENKEL CORP.
TO-1536,ANGLE GRINDER 7IN CORDED,-- Unbranded --,-- No Unilog Brand --,,Makita U.S.A. Inc
AU-1270,MOTOR OIL 10W-30 SYNTHETIC QT,-- Unbranded --,-- No Unilog Brand --,,INTERSTATE BATTERY SYSTEM
DD-1893,BATTERY GROUP 24F 12V,-- Unbranded --,-- No Unilog Brand --,,3M Co.
LA-1624,STRING TRIMMER 56V CORDLESS,-- Unbranded --,-- No Unilog Brand --,,EGO POWER PLUS
FA-1204,HEX BOLT GR8 ZN 1/2-16 X 1IN,-- Unbranded --,-- No Unilog Brand --,,SIMPSON STRONG TIE CO.
TO-1510,IMPACT WRENCH 1/2IN DRIVE,-- Unbranded --,-- No Unilog Brand --,,Milwaukee Electric Tool Corp
AB-1109,CUT-OFF WHEEL 6IN METAL,-- Unbranded --,-- No Unilog Brand --,,NORTON ABRASIVES INC
LA-1117,CORDLESS MOWER 56IN 56V,-- Unbranded --,-- No Unilog Brand --,,EGO POWER PLUS
SA-1290,SAFETY GLASSES CLEAR LENS ANTI-FOG,-- Unbranded --,-- No Unilog Brand --,,HONEYWELL INTL INC
SA-1121,NITRILE GLOVE PF XL 100CT,-- Unbranded --,-- No Unilog Brand --,,Honeywell Inc
FA-1633,WOOD SCREW 2IN PHILLIPS,-- Unbranded --,-- No Unilog Brand --,,Simpson Strong Tie Co
FA-1737,WOOD SCREW 3IN PHILLIPS,-- Unbranded --,-- No Unilog Brand --,,Simpson
SA-1524,SAFETY GLASSES CLEAR LENS ANSI Z87,-- Unbranded --,-- No Unilog Brand --,,Ansell Limited
SA-1108,NITRILE GLOVE PF XL 100CT,-- Unbranded --,-- No Unilog Brand --,,Honeywell
LA-1429,STRING TRIMMER 40V CORDLESS,-- Unbranded --,-- No Unilog Brand --,,EGO
JA-1141,TRASH CAN 32GAL COMMERCIAL,-- Unbranded --,-- No Unilog Brand --,,Georgia-Pacific
TO-1718,IMPACT WRENCH 1/2IN DRIVE,-- Unbranded --,-- No Unilog Brand --,,Milwaukee Tool
AU-1621,BATTERY GROUP 65 12V,-- Unbranded --,-- No Unilog Brand --,,3M Co.
PL-1638,COPPER PIPE ELBOW 90DEG 1/2IN,-- Unbranded --,-- No Unilog Brand --,,Grundfos Pumps Corp
SA-1277,NITRILE GLOVE PF LG 100CT,-- Unbranded --,-- No Unilog Brand --,,Ansell Limited
PL-1872,BRASS COMPRESSION FITTING 1/2IN,-- Unbranded --,-- No Unilog Brand --,,Eaton Corporation
TO-1679,IMPACT WRENCH 3/4IN DRIVE,-- Unbranded --,-- No Unilog Brand --,,MAKITA U.S.A. INC.
LA-1104,STRING TRIMMER 56V CORDLESS,-- Unbranded --,-- No Unilog Brand --,,EGO POWER PLUS
AD-1831,CONSTRUCTION ADHESIVE 10OZ TUBE,-- Unbranded --,-- No Unilog Brand --,,3M CO
EL-1431,GFCI OUTLET 15A TAMPER RESISTANT,-- Unbranded --,-- No Unilog Brand --,,Belden
AU-1309,MOTOR OIL 5W-30 SYNTHETIC QT,-- Unbranded --,-- No Unilog Brand --,,Interstate Battery Sys
AU-1010,BATTERY GROUP 24F 12V,-- Unbranded --,-- No Unilog Brand --,,3M Company
FA-1646,HEX BOLT GR8 ZN 3/8-16 X 1IN,-- Unbranded --,-- No Unilog Brand --,,Simpson
PL-1703,PVC BALL VALVE 3/4IN THREADED,-- Unbranded --,-- No Unilog Brand --,,EATON CORP.
AU-1712,BATTERY GROUP 35 12V,-- Unbranded --,-- No Unilog Brand --,,INTERSTATE BATTERY SYSTEM
TO-1211,CORDLESS DRILL DRIVER 18V KIT,-- Unbranded --,-- No Unilog Brand --,,MILWAUKEE ELEC TOOL
PL-1157,BRASS COMPRESSION FITTING 3/8IN,-- Unbranded --,-- No Unilog Brand --,,GRUNDFOS PUMPS CORP.
SA-1719,SAFETY GLASSES CLEAR LENS ANSI Z87,-- Unbranded --,-- No Unilog Brand --,,Ansell Ltd
AB-1486,CUT-OFF WHEEL 6IN METAL,-- Unbranded --,-- No Unilog Brand --,,Norton Abrasives
AD-1259,EPOXY 8OZ TUBE 5MIN,-- Unbranded --,-- No Unilog Brand --,,HENKEL CORP.
EL-1561,ROMEX WIRE 12/2 250FT SPOOL,-- Unbranded --,-- No Unilog Brand --,,Leviton Mfg
PL-1846,PVC BALL VALVE 1IN THREADED,-- Unbranded --,-- No Unilog Brand --,,EATON CORP.
LA-1390,CORDLESS MOWER 21IN 56V,-- Unbranded --,-- No Unilog Brand --,,EGO POWER PLUS
LA-1455,STRING TRIMMER 56V CORDLESS,-- Unbranded --,-- No Unilog Brand --,,EGO
JA-1427,TRASH CAN 44GAL COMMERCIAL,-- Unbranded --,-- No Unilog Brand --,,Georgia Pacific
EL-1119,ROMEX WIRE 12/2 500FT SPOOL,-- Unbranded --,-- No Unilog Brand --,,Belden Inc
AB-1707,SANDING DISC 120GRIT 5IN,-- Unbranded --,-- No Unilog Brand --,,Norton Abrasives
PL-1859,COPPER PIPE ELBOW 90DEG 3/4IN,-- Unbranded --,-- No Unilog Brand --,,Grundfos
HV-1021,AIR FILTER 16X25X1 MERV 11,-- Unbranded --,-- No Unilog Brand --,,3M Company
LI-1670,LED BULB 12W DIMMABLE,-- Unbranded --,-- No Unilog Brand --,,Signify
LI-1111,SHOP LIGHT LED 4FT LINKABLE,-- Unbranded --,-- No Unilog Brand --,,Signify North America
EL-1678,DECORA ROCKER SWITCH 20A WHITE,-- Unbranded --,-- No Unilog Brand --,,Klein Tools
EL-1834,DECORA ROCKER SWITCH 20A WHITE,-- Unbranded --,-- No Unilog Brand --,,Klein Tools
JA-1609,TRASH CAN 44GAL COMMERCIAL,-- Unbranded --,-- No Unilog Brand --,,Rubbermaid Commercial
JA-1050,TRASH CAN 44GAL COMMERCIAL,-- Unbranded --,-- No Unilog Brand --,,Rubbermaid Commercial
EL-1639,GFCI OUTLET 15A TAMPER RESISTANT,-- Unbranded --,-- No Unilog Brand --,,Southwire Co.
EL-1548,ROMEX WIRE 12/2 500FT SPOOL,-- Unbranded --,-- No Unilog Brand --,,SOUTHWIRE CO
AU-1790,MOTOR OIL 10W-30 SYNTHETIC QT,-- Unbranded --,-- No Unilog Brand --,,Interstate Battery Sys
EL-1262,DECORA ROCKER SWITCH 20A WHITE,-- Unbranded --,-- No Unilog Brand --,,Southwire
HA-1656,DRAWER SLIDE 22IN FULL EXTENSION,-- Unbranded --,-- No Unilog Brand --,,Simpson Strong-Tie
HV-1385,AIR FILTER 20X20X1 MERV 11,-- Unbranded --,-- No Unilog Brand --,,HONEYWELL INTL INC
DD-1894,CORDLESS MOWER 56IN 56V,-- Unbranded --,-- No Unilog Brand --,,EGO POWER PLUS
HA-1812,CABINET HINGE 165DEG SOFT CLOSE,-- Unbranded --,-- No Unilog Brand --,,RUBBERMAID COMM PRODUCTS
SA-1667,HARD HAT TYPE 2 CLASS E,-- Unbranded --,-- No Unilog Brand --,,ANSELL LTD.
PL-1729,COPPER PIPE ELBOW 90DEG 1IN,-- Unbranded --,-- No Unilog Brand --,,GRUNDFOS PUMPS CORP.
AD-1376,EPOXY 3OZ TUBE 5MIN,-- Unbranded --,-- No Unilog Brand --,,Henkel
AU-1127,BATTERY GROUP 65 12V,-- Unbranded --,-- No Unilog Brand --,,Interstate Battery Sys
AB-1174,CUT-OFF WHEEL 4-1/2IN METAL,-- Unbranded --,-- No Unilog Brand --,,Norton
AU-1517,MOTOR OIL 5W-30 SYNTHETIC QT,-- Unbranded --,-- No Unilog Brand --,,Interstate Batteries
HA-1604,CABINET HINGE 110DEG SOFT CLOSE,-- Unbranded --,-- No Unilog Brand --,,Rubbermaid Commercial
AU-1023,BATTERY GROUP 35 12V,-- Unbranded --,-- No Unilog Brand --,,3M Co.
DD-1886,  sand ing disc 220grit 5 in ,-- Unbranded --,-- No Unilog Brand --,,3M
FA-1217,HEX BOLT GR8 ZN 1/2-16 X 1IN,-- Unbranded --,-- No Unilog Brand --,,SIMPSON STRONG TIE CO.
AB-1135,CUT-OFF WHEEL 4-1/2IN METAL,-- Unbranded --,-- No Unilog Brand --,,3M Co.
SA-1745,NITRILE GLOVE PF SM 100CT,-- Unbranded --,-- No Unilog Brand --,,Honeywell Intl
FA-1230,WOOD SCREW 3IN PHILLIPS,-- Unbranded --,-- No Unilog Brand --,,Simpson
LA-1234,CORDLESS MOWER 56IN 56V,-- Unbranded --,-- No Unilog Brand --,,EGO POWER PLUS
LI-1020,SHOP LIGHT LED 4FT LINKABLE,-- Unbranded --,-- No Unilog Brand --,,Philips Lighting
BAIT-0002,GENERAL PURPOSE UTILITY KNIFE 3-BLADE,,,,Fastenal Company
LA-1832,STRING TRIMMER 56V CORDLESS,-- Unbranded --,-- No Unilog Brand --,,EGO Power+
LA-1169,CORDLESS MOWER 21IN 56V,-- Unbranded --,-- No Unilog Brand --,,EGO Power+
JA-1193,PAPER TOWEL ROLL 6CT CASE,-- Unbranded --,-- No Unilog Brand --,,Georgia Pacific
EL-1769,ROMEX WIRE 12/2 250FT SPOOL,-- Unbranded --,-- No Unilog Brand --,,Leviton Manufacturing
SA-1368,NITRILE GLOVE PF XL 100CT,-- Unbranded --,-- No Unilog Brand --,,HONEYWELL INTL INC
UNK-8004,,,,,
LA-1351,STRING TRIMMER 56V CORDLESS,-- Unbranded --,-- No Unilog Brand --,,EGO Power+
HV-1138,AIR FILTER 20X25X1 MERV 11,-- Unbranded --,-- No Unilog Brand --,,3M Co.
EL-1704,DECORA ROCKER SWITCH 15A WHITE,-- Unbranded --,-- No Unilog Brand --,,Leviton Mfg
BAIT-0005,VIKING STYLE WOOL WORK GLOVE LG,,,,MSC Industrial Supply
HV-1346,THERMOSTAT WIFI 1STAGE,-- Unbranded --,-- No Unilog Brand --,,Honeywell Intl
SA-1537,NITRILE GLOVE PF SM 100CT,-- Unbranded --,-- No Unilog Brand --,,Honeywell
LA-1611,CORDLESS MOWER 56IN 56V,-- Unbranded --,-- No Unilog Brand --,,EGO Power+
LA-1533,CORDLESS MOWER 21IN 56V,-- Unbranded --,-- No Unilog Brand --,,EGO POWER PLUS
AB-1746,SANDING DISC 220GRIT 5IN,-- Unbranded --,-- No Unilog Brand --,,3M
AD-1467,CONSTRUCTION ADHESIVE 28OZ TUBE,-- Unbranded --,-- No Unilog Brand --,,3M
AD-1298,CONSTRUCTION ADHESIVE 10OZ TUBE,-- Unbranded --,-- No Unilog Brand --,,Henkel
LI-1306,LED BULB 9W DIMMABLE,-- Unbranded --,-- No Unilog Brand --,,PHILIPS LTG
HV-1047,AIR FILTER 16X25X1 MERV 11,-- Unbranded --,-- No Unilog Brand --,,3M Co.
AD-1844,CONSTRUCTION ADHESIVE 10OZ TUBE,-- Unbranded --,-- No Unilog Brand --,,3M Co.
EL-1067,ROMEX WIRE 12/2 500FT SPOOL,-- Unbranded --,-- No Unilog Brand --,,Belden Inc
TO-1172,IMPACT WRENCH 3/4IN DRIVE,-- Unbranded --,-- No Unilog Brand --,,DEWALT Industrial
EL-1314,ROMEX WIRE 12/2 500FT SPOOL,-- Unbranded --,-- No Unilog Brand --,,KLEIN TOOLS INC.
AB-1603,CUT-OFF WHEEL 4-1/2IN METAL,-- Unbranded --,-- No Unilog Brand --,,Norton Abrasives
FA-1516,WOOD SCREW 1-1/4IN PHILLIPS,-- Unbranded --,-- No Unilog Brand --,,Simpson Strong Tie Co
DD-1895,ANGLE GRINDER 7IN CORDED,-- Unbranded --,-- No Unilog Brand --,,DEWALT
EL-1106,GFCI OUTLET 15A TAMPER RESISTANT,-- Unbranded --,-- No Unilog Brand --,,Belden Inc
BAIT-0007,CAFE AU LAIT PAINT ROLLER COVER 9IN,,,,Sherwin Supply Co
HV-1320,AIR FILTER 16X25X1 MERV 11,-- Unbranded --,-- No Unilog Brand --,,3M Company
EL-1353,GFCI OUTLET 20A TAMPER RESISTANT,-- Unbranded --,-- No Unilog Brand --,,Southwire
FA-1711,HEX BOLT GR8 ZN 1/2-16 X 1IN,-- Unbranded --,-- No Unilog Brand --,,Simpson Strong Tie Co
JA-1232,PAPER TOWEL ROLL 6CT CASE,-- Unbranded --,-- No Unilog Brand --,,Georgia-Pacific
HV-1255,AIR FILTER 20X25X1 MERV 11,-- Unbranded --,-- No Unilog Brand --,,Honeywell Inc
JA-1752,PAPER TOWEL ROLL 6CT CASE,-- Unbranded --,-- No Unilog Brand --,,GEORGIA-PACIFIC LLC
AB-1642,CUT-OFF WHEEL 4-1/2IN METAL,-- Unbranded --,-- No Unilog Brand --,,NORTON ABRASIVES INC
DD-1894,  cordless mower 56 in 56v ,-- Unbranded --,-- No Unilog Brand --,,EGO POWER PLUS
SA-1693,NITRILE GLOVE PF XL 100CT,-- Unbranded --,-- No Unilog Brand --,,Honeywell International
HA-1019,DRAWER SLIDE 18IN FULL EXTENSION,-- Unbranded --,-- No Unilog Brand --,,Rubbermaid Commercial
PL-1196,COPPER PIPE ELBOW 90DEG 1IN,-- Unbranded --,-- No Unilog Brand --,,EATON CORP.
JA-1544,TRASH CAN 44GAL COMMERCIAL,-- Unbranded --,-- No Unilog Brand --,,Rubbermaid
FA-1854,WOOD SCREW 3IN PHILLIPS,-- Unbranded --,-- No Unilog Brand --,,Simpson
FA-1776,HEX BOLT GR8 ZN 1/2-16 X 1IN,-- Unbranded --,-- No Unilog Brand --,,SIMPSON STRONG TIE CO.
AB-1330,CUT-OFF WHEEL 6IN METAL,-- Unbranded --,-- No Unilog Brand --,,Norton
EL-1015,DECORA ROCKER SWITCH 15A WHITE,-- Unbranded --,-- No Unilog Brand --,,Klein Tools Inc
HA-1383,DRAWER SLIDE 24IN FULL EXTENSION,-- Unbranded --,-- No Unilog Brand --,,Simpson Strong-Tie
HV-1749,THERMOSTAT WIFI 2STAGE,-- Unbranded --,-- No Unilog Brand --,,Honeywell International
AU-1205,BATTERY GROUP 65 12V,-- Unbranded --,-- No Unilog Brand --,,3-M Company
PL-1547,PVC BALL VALVE 1-1/4IN THREADED,-- Unbranded --,-- No Unilog Brand --,,GRUNDFOS PUMPS CORP.
LA-1039,STRING TRIMMER 40V CORDLESS,-- Unbranded --,-- No Unilog Brand --,,EGO POWER PLUS
AB-1005,SANDING DISC 220GRIT 5IN,-- Unbranded --,-- No Unilog Brand --,,NORTON ABRASIVES INC
TO-1393,CORDLESS DRILL DRIVER 20V KIT,-- Unbranded --,-- No Unilog Brand --,,Milwaukee Tool
HV-1489,AIR FILTER 16X20X1 MERV 11,-- Unbranded --,-- No Unilog Brand --,,3M Company
BAIT-0003,GEAR PULLER 3-JAW HD 8IN,,,,Grainger Industrial Supply
JA-1414,TRASH CAN 44GAL COMMERCIAL,-- Unbranded --,-- No Unilog Brand --,,RUBBERMAID COMM PRODUCTS
JA-1440,TRASH CAN 32GAL COMMERCIAL,-- Unbranded --,-- No Unilog Brand --,,Rubbermaid Commercial
AD-1649,CONSTRUCTION ADHESIVE 10OZ TUBE,-- Unbranded --,-- No Unilog Brand --,,3M Company
TO-1445,CORDLESS DRILL DRIVER 18V KIT,-- Unbranded --,-- No Unilog Brand --,,Makita U.S.A. Inc
HA-1630,CABINET HINGE 110DEG SOFT CLOSE,-- Unbranded --,-- No Unilog Brand --,,SIMPSON STRONG TIE CO.
TO-1133,ANGLE GRINDER 4-1/2IN CORDED,-- Unbranded --,-- No Unilog Brand --,,MILWAUKEE ELEC TOOL
LA-1091,STRING TRIMMER 40V CORDLESS,-- Unbranded --,-- No Unilog Brand --,,EGO
HA-1799,CABINET HINGE 110DEG SOFT CLOSE,-- Unbranded --,-- No Unilog Brand --,,SIMPSON STRONG TIE CO.
EL-1782,ROMEX WIRE 12/2 500FT SPOOL,-- Unbranded --,-- No Unilog Brand --,,Klein Tools Inc
AD-1805,CONSTRUCTION ADHESIVE 10OZ TUBE,-- Unbranded --,-- No Unilog Brand --,,Henkel
HV-1502,THERMOSTAT WIFI 1STAGE,-- Unbranded --,-- No Unilog Brand --,,HONEYWELL INTL INC
LI-1163,SHOP LIGHT LED 4FT LINKABLE,-- Unbranded --,-- No Unilog Brand --,,PHILIPS LTG
TO-1783,IMPACT WRENCH 3/4IN DRIVE,-- Unbranded --,-- No Unilog Brand --,,Milwaukee Electric Tool Corp
HA-1591,DRAWER SLIDE 24IN FULL EXTENSION,-- Unbranded --,-- No Unilog Brand --,,Rubbermaid
SA-1173,SAFETY GLASSES CLEAR LENS ANSI Z87,-- Unbranded --,-- No Unilog Brand --,,Honeywell International
LA-1793,CORDLESS MOWER 21IN 56V,-- Unbranded --,-- No Unilog Brand --,,EGO
LA-1780,STRING TRIMMER 40V CORDLESS,-- Unbranded --,-- No Unilog Brand --,,EGO POWER PLUS
LI-1215,LED BULB 12W DIMMABLE,-- Unbranded --,-- No Unilog Brand --,,PHILIPS LTG
HV-1281,THERMOSTAT WIFI 1STAGE,-- Unbranded --,-- No Unilog Brand --,,Honeywell Inc
HV-1463,AIR FILTER 16X20X1 MERV 11,-- Unbranded --,-- No Unilog Brand --,,Honeywell Inc
AU-1896,MOTOR OIL 5W-30 SYNTHETIC QT,-- Unbranded --,-- No Unilog Brand --,,INTERSTATE BATTERY SYSTEM
JA-1897,PAPER TOWEL ROLL 6CT CASE,-- Unbranded --,-- No Unilog Brand --,,RUBBERMAID COMM PRODUCTS
LI-1898,SHOP LIGHT LED 4FT LINKABLE,-- Unbranded --,-- No Unilog Brand --,,Philips Lighting
LA-1899,STRING TRIMMER 56V CORDLESS,-- Unbranded --,-- No Unilog Brand --,,EGO POWER PLUS
LA-1900,CORDLESS MOWER 56IN 56V,-- Unbranded --,-- No Unilog Brand --,,EGO Power+
HV-1901,AIR FILTER 16X25X1 MERV 11,-- Unbranded --,-- No Unilog Brand --,,3M Company
SA-1902,NITRILE GLOVE PF SM 100CT,-- Unbranded --,-- No Unilog Brand --,,Ansell Limited
LI-1903,LED BULB 15W DIMMABLE,-- Unbranded --,-- No Unilog Brand --,,Philips
HA-1904,DRAWER SLIDE 18IN FULL EXTENSION,-- Unbranded --,-- No Unilog Brand --,,RUBBERMAID COMM PRODUCTS
AU-1905,BATTERY GROUP 35 12V,-- Unbranded --,-- No Unilog Brand --,,3-M Company
HA-1906,CABINET HINGE 165DEG SOFT CLOSE,-- Unbranded --,-- No Unilog Brand --,,SIMPSON STRONG TIE CO.
FA-1907,WOOD SCREW 1-1/4IN PHILLIPS,-- Unbranded --,-- No Unilog Brand --,,SIMPSON STRONG TIE CO.
AB-1908,CUT-OFF WHEEL 6IN METAL,-- Unbranded --,-- No Unilog Brand --,,3M Co.
JA-1909,PAPER TOWEL ROLL 6CT CASE,-- Unbranded --,-- No Unilog Brand --,,RUBBERMAID COMM PRODUCTS
TO-1910,CORDLESS DRILL DRIVER 12V KIT,-- Unbranded --,-- No Unilog Brand --,,MAKITA U.S.A. INC.
LA-1911,STRING TRIMMER 40V CORDLESS,-- Unbranded --,-- No Unilog Brand --,,EGO Power+
JA-1912,PAPER TOWEL ROLL 6CT CASE,-- Unbranded --,-- No Unilog Brand --,,GEORGIA-PACIFIC LLC
AU-1913,BATTERY GROUP 24F 12V,-- Unbranded --,-- No Unilog Brand --,,Interstate Batteries
SA-1914,SAFETY GLASSES CLEAR LENS ANSI Z87,-- Unbranded --,-- No Unilog Brand --,,ANSELL LTD.
LI-1915,SHOP LIGHT LED 4FT LINKABLE,-- Unbranded --,-- No Unilog Brand --,,SIGNIFY N.A.
HV-1916,AIR FILTER 16X25X1 MERV 11,-- Unbranded --,-- No Unilog Brand --,,Honeywell Intl
LA-1917,CORDLESS MOWER 21IN 56V,-- Unbranded --,-- No Unilog Brand --,,EGO Power+
SA-1918,HARD HAT TYPE 1 CLASS E,-- Unbranded --,-- No Unilog Brand --,,Ansell Limited
AB-1919,CUT-OFF WHEEL 6IN METAL,-- Unbranded --,-- No Unilog Brand --,,3M CO
AU-1920,MOTOR OIL 5W-30 SYNTHETIC QT,-- Unbranded --,-- No Unilog Brand --,,Interstate
FA-1921,WOOD SCREW 3IN PHILLIPS,-- Unbranded --,-- No Unilog Brand --,,Simpson
AB-1922,SANDING DISC 220GRIT 5IN,-- Unbranded --,-- No Unilog Brand --,,Norton
LI-1923,LED BULB 12W DIMMABLE,-- Unbranded --,-- No Unilog Brand --,,SIGNIFY N.A.
FA-1924,HEX BOLT GR8 ZN 3/8-16 X 1IN,-- Unbranded --,-- No Unilog Brand --,,Simpson
EL-1925,GFCI OUTLET 20A TAMPER RESISTANT,-- Unbranded --,-- No Unilog Brand --,,BELDEN INC.
HV-1926,THERMOSTAT WIFI 2STAGE,-- Unbranded --,-- No Unilog Brand --,,Honeywell Inc
LA-1927,STRING TRIMMER 56V CORDLESS,-- Unbranded --,-- No Unilog Brand --,,EGO Power+
EL-1928,ROMEX WIRE 12/2 100FT SPOOL,-- Unbranded --,-- No Unilog Brand --,,Klein Tools
JA-1929,PAPER TOWEL ROLL 12CT CASE,-- Unbranded --,-- No Unilog Brand --,,Rubbermaid Commercial
FA-1930,HEX BOLT GR8 ZN 1/2-16 X 1IN,-- Unbranded --,-- No Unilog Brand --,,Simpson
EL-1931,ROMEX WIRE 12/2 500FT SPOOL,-- Unbranded --,-- No Unilog Brand --,,Belden
FA-1932,HEX BOLT GR8 ZN 1/2-16 X 1IN,-- Unbranded --,-- No Unilog Brand --,,Simpson
SA-1933,HARD HAT TYPE 2 CLASS E,-- Unbranded --,-- No Unilog Brand --,,Ansell Ltd
HV-1934,AIR FILTER 16X20X1 MERV 11,-- Unbranded --,-- No Unilog Brand --,,3M Co.
SA-1935,NITRILE GLOVE PF MED 100CT,-- Unbranded --,-- No Unilog Brand --,,Honeywell International
LA-1936,CORDLESS MOWER 21IN 56V,-- Unbranded --,-- No Unilog Brand --,,EGO POWER PLUS
JA-1937,TRASH CAN 32GAL COMMERCIAL,-- Unbranded --,-- No Unilog Brand --,,GEORGIA-PACIFIC LLC
HA-1938,CABINET HINGE 165DEG SOFT CLOSE,-- Unbranded --,-- No Unilog Brand --,,Rubbermaid Commercial
TO-1939,IMPACT WRENCH 3/4IN DRIVE,-- Unbranded --,-- No Unilog Brand --,,Milwaukee
LA-1940,CORDLESS MOWER 21IN 56V,-- Unbranded --,-- No Unilog Brand --,,EGO Power+
FA-1941,HEX BOLT GR8 ZN 1/2-16 X 1IN,-- Unbranded --,-- No Unilog Brand --,,Simpson Strong-Tie
HV-1942,AIR FILTER 20X25X1 MERV 11,-- Unbranded --,-- No Unilog Brand --,,Honeywell Intl
JA-1943,PAPER TOWEL ROLL 12CT CASE,-- Unbranded --,-- No Unilog Brand --,,Georgia-Pacific
HA-1944,CABINET HINGE 110DEG SOFT CLOSE,-- Unbranded --,-- No Unilog Brand --,,Rubbermaid
AB-1945,CUT-OFF WHEEL 6IN METAL,-- Unbranded --,-- No Unilog Brand --,,3M Co.
HV-1946,THERMOSTAT WIFI 1STAGE,-- Unbranded --,-- No Unilog Brand --,,3M Company
HA-1947,CABINET HINGE 165DEG SOFT CLOSE,-- Unbranded --,-- No Unilog Brand --,,Rubbermaid
AU-1948,MOTOR OIL 5W-30 SYNTHETIC QT,-- Unbranded --,-- No Unilog Brand --,,Interstate Batteries
LA-1949,CORDLESS MOWER 56IN 56V,-- Unbranded --,-- No Unilog Brand --,,EGO
TO-1950,IMPACT WRENCH 1/2IN DRIVE,-- Unbranded --,-- No Unilog Brand --,,Milwaukee Tool
TO-1951,ANGLE GRINDER 5IN CORDED,-- Unbranded --,-- No Unilog Brand --,,DeWALT Industrial Tool Co
LA-1952,STRING TRIMMER 56V CORDLESS,-- Unbranded --,-- No Unilog Brand --,,EGO POWER PLUS
AU-1953,MOTOR OIL 10W-30 SYNTHETIC QT,-- Unbranded --,-- No Unilog Brand --,,Interstate Battery Sys
PL-1954,PVC BALL VALVE 1IN THREADED,-- Unbranded --,-- No Unilog Brand --,,Eaton
HV-1955,THERMOSTAT WIFI 2STAGE,-- Unbranded --,-- No Unilog Brand --,,3M Company
FA-1956,WOOD SCREW 2IN PHILLIPS,-- Unbranded --,-- No Unilog Brand --,,SIMPSON STRONG TIE CO.
EL-1957,ROMEX WIRE 12/2 500FT SPOOL,-- Unbranded --,-- No Unilog Brand --,,Southwire Co.
LA-1958,STRING TRIMMER 56V CORDLESS,-- Unbranded --,-- No Unilog Brand --,,EGO POWER PLUS
FA-1959,WOOD SCREW 3IN PHILLIPS,-- Unbranded --,-- No Unilog Brand --,,Simpson Strong Tie Co
LI-1960,SHOP LIGHT LED 8FT LINKABLE,-- Unbranded --,-- No Unilog Brand --,,Signify
JA-1961,TRASH CAN 44GAL COMMERCIAL,-- Unbranded --,-- No Unilog Brand --,,Rubbermaid
EL-1962,DECORA ROCKER SWITCH 20A WHITE,-- Unbranded --,-- No Unilog Brand --,,Southwire Company
HA-1963,CABINET HINGE 165DEG SOFT CLOSE,-- Unbranded --,-- No Unilog Brand --,,Rubbermaid Commercial
HV-1964,THERMOSTAT WIFI 2STAGE,-- Unbranded --,-- No Unilog Brand --,,3M Co.
